0	2022-10-21 09:31:44+00:00	Vajo48377630	"""Licht und Heizung""
Die Deutschen sind Sparweltmeister.
Der neuste Trend #Gassparen 

Energieversorger bieten erstmals Gassparkonten an. Bonusgassparen liegt im Trend und bringt mehr als Eurosparen auf dem Sparbuch.
Kaufen sie Gassparanteile v. Uniper, EON und RWE
#Gasspartycoon"
1	2022-10-21 08:35:24+00:00	isengrinn	"Berliner Altbau
Aktuelle Innenraum-Temperatur: 18,5 Â°C
Status Gasheizung: Aus!
#gassparen #LichtundHeizung"
2	2022-10-20 07:38:04+00:00	Imperat78891762	"https://t.co/tUWEeqmt3y via @tonline 
Kurzfristig sei dies der wichtigste Baustein, um Deutschlands EnergiesouverÃ¤nitÃ¤t und geopolitische Widerstandskraft wieder zu erhÃ¶hen.Zitat Ende.
GesÃ¼lze einfach nur GesÃ¼lze. #Gassparen,#gas."
3	2022-10-20 05:51:54+00:00	BoristheMonster	"#gassparen #zusammengegenputin
nÃ¤chste Woche startet die Holzheizung in unserem 12 Familienhaus - 110.000 kw/h #Gas"
4	2022-10-19 12:06:06+00:00	heiseonline	Erdgas: Wo sich wie viel einsparen lÃ¤sst â€“ und wie man Menschen dazu motiviert https://t.co/N7cBppiKZl #Gassparen #Gaskrise
5	2022-10-19 06:16:41+00:00	KMittelstand	"Eine neue Version zu unseren Praxisbeispielen fÃ¼r schnell umsetzbare #EnergieeinsparmaÃŸnahmen ist online. In der Version 3.0 erwarten Sie neue MaÃŸnahmen.
#Gassparen #Klimawandel #KlimaneutralitÃ¤t
https://t.co/UU6PIRgrrA"
6	2022-10-18 18:37:16+00:00	eltoro0815	"@BachmannRudi Ich fahre ein Auto mit Gas auf dem Land. Ich verzichte seit ca 6 Wochen auf alle Fahrten, die nicht vermeidbar sind. D.h. Einkaufen per Fuss, usw. 

Bin mal gespannt auf welche Ersparnis ich insgesamt komme. Ziemlich sicher mindestens 20%.

#Gassparen #ZusammenGegenPutin"
7	2022-10-18 17:51:09+00:00	BachmannRudi	"Sehr gut. Hoffe, das findet viele Nachahmer. #Gassparen

https://t.co/AZPcSMb332"
8	2022-10-18 16:39:25+00:00	wpk_daily	In der aktuellen Lage #gassparen wÃ¼rde ein bisschen weniger Jammerei und mehr positives Mindsetting gut tun, so Armin Falk. Es gebe keinen guten und keinen schlechten Menschen, wir tragen immer beides in uns und kÃ¶nnten auch etwas bewegen. Darum sei er auch insgesamt optimistisch
9	2022-10-18 13:44:27+00:00	ASEWonline	"Kundinnen und Kunden beim #Gassparen helfen: Mit dem brandneuen #ASEW-#Gassparrechner fÃ¼r #Stadtwerke gelingt das einfach und unkompliziert â€“ und #EnSikuMaV-konform. @ZfK_de @zeitung_energie @energate_news @stadtundwerk

https://t.co/akyieBXJ7U https://t.co/c84PW7fWF6"
10	2022-10-18 09:27:30+00:00	bund_net	"âœ… EnergieverbrÃ¤uche reduzieren durch ein starkes #Energieeffizienzgesetz: das ist der Weg. #Energiewende

âŒDer Weiterbetrieb der #AKWs trÃ¤gt weder zur #Versorgungssicherheit noch zum #Gassparen bei. 

@avbroock kommentiert den #Atomstreit der ğŸš¦:
https://t.co/hrjgewNvj5 https://t.co/yfDxVEVC0W"
11	2022-10-17 09:32:38+00:00	Klaus_Mueller	"Die @BNetzA steht kontinuierlich im engen Austausch mit @BMWK, Industrie &amp; Energiewirtschaft. Im Juni wird eine Beschreibung marktlicher Instrumente verÃ¶ffentlicht, die helfen sollen, den industriellen Verbrauch zu reduzieren. #Gassparen (3/6)

https://t.co/xdAUFdPwGm"
12	2022-10-17 09:11:32+00:00	bdew_ev	"BDEW-Chefin @KerstinAndreae im Interview mit @tonline zur aktuellen Lage der #Energieversorgung: â€#Gassparen sichert nicht nur die Versorgung, sondern ist auch gut fÃ¼r den eigenen Geldbeutel. Ein Grad weniger zu heizen, spart etwa 6% des Verbrauchs.â€œ 
https://t.co/roBCDqKtIV"
13	2022-10-17 06:28:38+00:00	struberg	Es kriegt heute 22 Grad und die HeizkÃ¶rper in der Bezirksvorstehung Favoriten sind auf Stufe 4 (=24 Grad) aufgedreht. Man muss den Pulli ausziehen um nicht zu schwitzen. Es braucht wohl doch ein gesetzliches Muss zum  #GasSparen. Eigenverantwortung scheint nicht zu funktionieren.
14	2022-10-14 11:07:01+00:00	DjHUNDEFRIEDHOF	Schaut euch meinen Tip zum Heizkostensparen an! #Energiesparen  #heizkosten #gassparen #heizen #cleversparen #heizÃ¶l #gaspreis #inflation #TikTok https://t.co/Mv2wfO0QI3
15	2022-10-14 10:34:14+00:00	DjHUNDEFRIEDHOF	Schaut euch meinen Tip zum Heizkostensparen an! #Energiesparen  #heizkosten #gassparen #heizen #cleversparen #heizÃ¶l #gaspreis #inflation #TikTok https://t.co/Mv2wfOhTK3
16	2022-10-14 05:37:01+00:00	LizCollet	"""Wir wissen nicht, ob das Gas reichen wird""

https://t.co/6CWTkulKka

#Gassparen #Bayernwerk #Netzbetreiber #Verbraucher"
17	2022-10-13 12:56:15+00:00	MediaPcl	"Haushalte haben in der vergangenen Woche deutlich weniger Gas verbraucht | PCLMedia https://t.co/IESB52MTYv
#Gaspreis #Gassparen #Gasverbrauch #Haushalte
#Bundesnetzagentur #Bonn https://t.co/4cyAvPFshE"
18	2022-10-13 12:16:23+00:00	Sevenfifty0	weiter so! #kaltDuschen #GasSparen Wir schaffen den Winter! #StopPutinNOW
19	2022-10-12 18:58:19+00:00	UdoSiev	"Das sind tolle Nachrichten, weil sich Verbraucher:innen (und Gewerbe) offensichtlich sehr erfolgreich beim #Gassparen #Energiesparen engagieren. Weiter so ğŸ‘ 

Toller Service @roth_kohl @WPSchill 

@vznrw_energie @Klaus_Mueller"
20	2022-10-11 15:28:28+00:00	Betty_Kl_	Lieber mal einen #Pullover anziehen als demnÃ¤chst einen #Helm aufsetzen. #Putin #SchÃ¤uble #Gassparen
21	2022-10-11 08:12:45+00:00	pkerchner	eine tolle Info Seite https://t.co/5Mbuj2pSbU #Energiewende #Gassparen #Energiesparen #bewussterLeben
22	2022-10-10 11:12:29+00:00	foes_news	"âœ…Sinnvoll, dass Einmalzahlung an prognostizierten Verbrauch geknÃ¼pft wird. Anreiz zum #Gassparen im Dezember bleibt erhalten.
ğŸš¨#Gaspreisbremse ab MÃ¤rz dÃ¤mpft das Preissignal. Bleibt der Anreiz zum sparen bei einem Preis von 12 ct/kWh fÃ¼r 80% des Verbrauchs ausreichend erhalten?"
23	2022-10-07 05:36:35+00:00	CHECK24_Presse	Gaspreisentwicklung 2022 : #Gaspreise bewegen sich weiter auf historischer #HÃ¶he https://t.co/Ub2LAuukqL #GAS #Energie #Gassparen #Gaspreisdeckel #CHECK24
24	2022-10-06 21:14:38+00:00	vonAVENdeForum	"@Klaus_Mueller @bnetza @BMWK ich sehe den puren Egoismus in der Nachbarschaft: mir doch egal, sollen andere frieren.
Ich bin seit Jahren sehr sparsam, vor November wird nicht geheizt, Strom Ã–kostrom 800 kWh/Jahr. Es geht, mensch muss es halt wollen. #Heizmatte wÃ¤rmt super und braucht kaum Strom
#Gassparen"
25	2022-10-06 21:09:45+00:00	tomsigl	"Toll daÃŸ die Wirtschaft ihren Anteil zum #Gassparen leistet

Riesenerfolg der #Ampel, v. a. von #Abwirtschaftsminister #Habeck ğŸ¤¬

#MaybrittIllner #Deindustrialisierung"
26	2022-10-06 19:10:22+00:00	TiniMartini	An mir liegtâ€™s nicht ğŸ¥². #Gassparen #Energiekrise #Autumn https://t.co/IckQOsvJcc
27	2022-10-06 18:57:48+00:00	KielholzRysicky	@zaleo_punkt Gnihihi, die haben â€AbkÃ¼hlungâ€œ gesagt. #gassparen
28	2022-10-06 17:05:27+00:00	HansTheGerman	"@ZDFheute Wenn wir sofortiges Handeln zum #Gassparen brauchen, dann mÃ¼ssen alle HÃ¼rden abgeschafft werden, die #Photovoltaik noch behindern kÃ¶nnen!
Am Einfachsten wÃ¤re doch, jeder Private kÃ¶nnte #Module +#Speicher +#WÃ¤rmepumpe einbauen, ohne jede BÃ¼rokratie +damit sofort heizen! #Gasbremse"
29	2022-10-05 13:25:46+00:00	CHECK24_Presse	#Gaspreis fÃ¤llt auf Zweieinhalbmonatstief https://t.co/oLUxeuzt3O #Energie #Gas #Gassparen #Gasumlage #Gaspreisdeckel #CHECK24
30	2022-10-05 10:30:43+00:00	ingathomas	"Gas sparen - und ein Jahr lang kostenloses Heizen gewinnen! @kn_online #energiesparen #gas #gassparen 
https://t.co/UOoj5XwI19"
31	2022-10-04 16:56:49+00:00	MAAndor	"#Gassparen wie lÃ¤uft es bisher?

Interessante Berechnung von @WPSchill. Zu einem Ã¤hnlichen Ergebnis kam auch @JakobSchlandt

Finde eine ausgewogene Kommunikation ziemlich wichtig fÃ¼r die weitere Motivation zum Energiesparen."
32	2022-10-04 10:48:04+00:00	caricatura_ks	"Cartoon von @thomasplassmann  aus der Ausstellung Â»SYSTEMFEHLERÂ²Â«. Nur noch diese Woche in der Caricatura Galerie Kassel. TÃ¤glich geÃ¶ffnet von 10 bis 20 Uhr.

https://t.co/1Ggf3R6rpu

#SFH2 #gassparen #plassmann #komischekunst #caricatura8 #caricatura #kassel #kasselkultur2022 https://t.co/B8wMqPF6JO"
33	2022-10-04 10:16:00+00:00	immena3	Wenn ihr schon heizt, auf wieviel Grad heizt ihr euer Wohnzimmer? #twlz #heizen #gassparen
34	2022-10-03 16:40:11+00:00	An_Koehler	Streberhafte 18,6 Grad, und mir ist zu warm #Gassparen https://t.co/L9lxV6i1ts
35	2022-10-03 07:45:44+00:00	Co2Klima	"Zu viel #Gas verbraucht.
In den letzten 3 Wochen im Schnitt nur 11,75% gespart.
Das liegt nicht nur an der #Temperatur.
Nur kurz unter die #Dusche und zwischendurch abdrehen
#Waschlappen und #Gassparen ist gut fÃ¼r den #Klimaschutz, denn der #Klimawandel kostet viel mehr https://t.co/C9rZEfHrdt"
36	2022-10-02 20:11:40+00:00	flueke	MÃ¶ge der Wind mit uns sein. Er hat uns in den vergangenen beiden Tagen mÃ¤chtig #Gassparen geholfen, wenn ich das richtig sehe. https://t.co/b2y7O66F3H
37	2022-10-01 10:31:54+00:00	welt_empfaenger	"â€Daher muss jedes Instrument zur Entlastung die Gas-Sparanreize erhalten.â€œ

Was wir alle verstehen mÃ¼ssen und tun sollten: Egal, ob wir uns als Einzelperson Gas leisten kÃ¶nnen, weil wir vielleicht finanziell besser gestellt sind, wir alle sollten und mÃ¼ssen dringend #Gassparen!"
38	2022-09-30 20:11:09+00:00	Der_BDI	Das Handeln der #Gaskommission ist vom Grundgedanken geleitet, mittels praktikabler und mÃ¶glichst gerecht austarierter Instrumente schnellstmÃ¶glich zu entlasten,  gleichzeitig jedoch Anreize zum #Gassparen aufrechtzuerhalten. #Gaspreisbremse
39	2022-09-30 14:16:58+00:00	fjwanninger	#GasSparen Bestes Deutschland aller Zeiten (har har). Als Boomer weiÃŸ man ja zum GlÃ¼ck noch, wie das geht. Von der Oma gelernt, die 2 Shice-Weltkriege erlebt hat - und als Kind in Wald, Bergen und kalten SkihÃ¼tten unterwegs - ohne Smartphone - es hilft https://t.co/VAWdJpBodL
40	2022-09-30 10:36:44+00:00	Feelisreal	"Ãœberlagernde #Krisen u. was passiert wenn man nichts tut:

 Grundschule Winter 2022: 
âŒ Luftfilter
âŒ Maskenpflicht 
ğŸ‘‰ vorauss. offene Fenster
GlÃ¼cklicherweise (ernst) sind Schulen vom #Gassparen ausgenommen (""geschÃ¼tzte Kunden""). 
Nur wird dann eben zum Fenster raus geheizt ğŸ¤·â€â™‚ï¸"
41	2022-09-30 09:22:01+00:00	vitramo	Infrarotheizung in der Ãœbergangszeit bei https://t.co/4X6xywq4LU https://t.co/o9dQ6BopLG #infrsarotheizung #vitramo #heizen #Ã¼bergangszeit #gassparen #solare #zugewinne
42	2022-09-30 08:45:47+00:00	Leo_nie_Bruder	"Und wieder entscheidet sich das #Schicksal der #Nation an der #Heimatfront!
#Gassparen aus #SolidaritÃ¤t zu #katastrophal en #Fehlentscheidungen der #Ampel! Danke!

#Gasverbrauch #Energiekrise #Gaskrise #Wirtschaftskrise #Inflation"
43	2022-09-30 06:32:43+00:00	sl252615	Sitze in der Schule bei +4Â°C AuÃŸentemperatur, die Heizung ist voll aufgedreht und das Fenster steht sperrangelweit offen. @bochum_de WTF? #Gassparen #Heizkosten #KlimasÃ¼nder
44	2022-09-30 06:28:53+00:00	CHECK24_Presse	Gaspreisentwicklung 2022 : #Gaspreis hÃ¤lt sich weiterhin auf historischer HÃ¶he https://t.co/6RQ5VreceV #Energie #Gasumlage #Gaskrise #Gassparen #CHECK24
45	2022-09-30 05:04:36+00:00	papaausm	"Ãœberall liest man vom 14% hÃ¶heren #Gasverbrauch im September 2022 wie im September 2021 und mahnt zum #Gassparen!
Lasst Euch nicht verunsichern!!!! 
Wir sparen alle genug und frieren genug.

https://t.co/dpgPSqGe80"
46	2022-09-29 21:59:24+00:00	CatappaL	"GruÃŸ aus dem besten Deutschland seit jeher. Facharbeiter hatten Feierabend, als die alte TÃ¼r ausgebaut war, eingebaut wird die neue morgen. Die sind einfach abgehauen, als Feierabend war ğŸ˜‚ğŸ˜‚ğŸ˜‚
Der PÃ¤chter konnte dann Security suchen, die aufpassen. Heizung brummt. #GasSparen https://t.co/RyInCj3D7C"
47	2022-09-29 18:09:19+00:00	DerLenzMdB	#Gassparen heiÃŸt zukÃ¼nftig auch Schulden fÃ¼r die nÃ¤chste Generation sparen - die #Ampel machtâ€™s mÃ¶glich..
48	2022-09-29 17:37:39+00:00	Elektronews	#Gaspreisbremse: DÃ¼rfen die BÃ¼rger endlich aufatmen und die #Heizung andrehen? Nicht ganz, sagt die Chefin der zustÃ¤ndigen #Expertenkommission. Das #Gassparen werde oberste PrioritÃ¤t haben. AuÃŸerdem sollen die #Gaspreise gleichzeitig einfach und fair sein. https://t.co/fMUrYlv7Xl
49	2022-09-29 11:49:40+00:00	Pluto_Berlin	"@TorstenFischer_ @Klaus_Mueller @W_Schmidt_ @bnetza @BMWK Die Gesamte Energiestrategie der GrÃ¼nen ist seit 40 Jahren -&gt; Aufs Wetter hoffen.

#solar und #wind und #gassparen"
50	2022-09-29 11:38:02+00:00	JOJansen66	"Ich weiÃŸ, sich warm/kalt fÃ¼hlen ist individuell. Nicht jede/s Wohnung/Haus ist gut isoliert. Aber hÃ¶herer Gasverbrauch? Ist das kognitive Dissonanz? Ignoranz? Trotz? Sturheit?
#GasSparen #DickerAnziehen &amp; #WolldeckeNutzen jetzt.
Wir haben auch eine Gasheizung. Ist noch nicht an."
51	2022-09-29 10:26:51+00:00	Feuerwehrtom	Danke das Sie das im Blick haben und auch so deutlich kommunizieren! #gassparen
52	2022-09-29 07:13:02+00:00	Graf_Ludenberg	"Gestern im Radio gehÃ¶rt, dass die #StadtwerkeDuisburg bis zu 300 EUR  fÃ¼rs #Gassparen zahlen wollen. 

Also ehrlich: FÃ¼r wie Dumm will man die Leute noch verkaufen? Ob ich 9000 EUR oder 8000 EUR Gas im Jahr bezahlen..die 300 EUR sind nen Furz dagegen! Zahlen kann man es eh nicht!"
53	2022-09-20 06:33:37+00:00	rasenspiesser	"â€Wenn beim #Gassparen alles gut geht und wir GlÃ¼ck mit dem Wetter haben, dann kommen wir mit Habeck auch gut durch den Winter!â€œâ˜ï¸

 https://t.co/wmaZBXbsnf"
54	2022-09-19 17:48:38+00:00	forever_fcu	Ihr kÃ¶nnt mich jetzt steinigen, aber wir haben soeben die Heizung in Betrieb genommen. #gassparen
55	2022-09-19 10:57:29+00:00	PetraMal	Ich finde ja dass alle EntscheidungstrÃ¤ger der Politik jeden Tag ein Foto von den Temperaturen in deren Wohnungen/HÃ¤usern posten mÃ¼ssten. #18Grad #Energiepolitik #Gassparen #IchBinArmutsbetroffen #Ampelkoalition
56	2022-09-19 05:52:54+00:00	fabster_79	"Liebe WÃ¤hlerinnen und WÃ¤hler, Deutschland hat ein massives Energieproblem wegen fehlender Gaslieferungen und das ist die Haltung eines fÃ¼hrenden #fdp Bundespolitiker: â€ist mir relativ latteâ€œ
#kubicki #gassparen #gasmangel #gas https://t.co/Y0ECOTUVld"
57	2022-09-17 18:01:44+00:00	PREPPERSHOP1	#gassparen ğŸª”ğŸ’¥ UNABHÃ„NGIGE WÃ„RME IM WINTER - von Strom und Gas fÃ¼r einen kalten Winter. Du wirst mir dankbar seiâ€¦â€¦ https://t.co/SsSUNqOZj8
58	2022-09-17 17:46:17+00:00	PREPPERSHOP1	#gassparen ğŸª”ğŸ’¥ UNABHÃ„NGIGE WÃ„RME IM WINTER - von Strom und Gas fÃ¼r einen kalten Winter. Du wirst mir dankbar seinâ€¦ https://t.co/SsSUNqOZj8
59	2022-09-17 05:40:51+00:00	UdoSiev	"Wichtige Infos zur #Energiekrise #Energiepreiskrise #Energiesparen #Gassparen #Stromsparen #Energiearmut haben wir hier zusammengefasst...

https://t.co/x5nO2ecKAA"
60	2022-09-16 09:50:00+00:00	Vergleich_de	"FÃ¼r den hÃ¶chsten #Energieverbrauch im Haushalt sorgt das #Heizen. Wie du lÃ¼ftest, hat groÃŸen Einfluss darauf, wie viel Energie du beim Heizen verbrauchst. Wie man richtig lÃ¼ftet, erfÃ¤hrst du hier:

https://t.co/l1Rr9aDo1K

#Heizkosten #Gaspreise #Energiekrise #Gassparen https://t.co/V7GHkR989u"
61	2022-09-16 08:49:06+00:00	oekotopten_lu	"Warmwasser sparen = #Energiesparen
Zum Ratgeber
ğŸ‘‰ https://t.co/hXaCmtTsU2 
#Energiekrise #Klimakrise #energiesparen #energiesparmaÃŸnahmen #gassparen #Gasversorgung #strompreise #Stromsparen #gas #stromrechnung #energie #klimaschutz #energiearmut #energiewende #Luxemburg https://t.co/5Heqg5pQOt"
62	2022-09-15 16:08:54+00:00	matze_heigl	Hoffentlich lernen wir jetzt auch massiv #BÃ¼rokratie abzubauen. â€Wir wÃ¼rden gerne #Gassparen, aber wir dÃ¼rfen nichtâ€œ https://t.co/ouGsM5m98z
63	2022-09-15 07:37:15+00:00	Pfantomaus	Das kommt dabei herum, wenn man beim #Gassparen krÃ¤ftig mitmacht ğŸ¥¸ https://t.co/mQHMAQCnZF
64	2022-09-14 15:37:37+00:00	IchKotzen	"Wir verballern schon wieder Unmengen #GasZuStrom.
So wird das nicht mit dem #GasSparen Herr #Habeck!
#Gaskrise #Gaspreis https://t.co/2OU9uViFgP"
65	2022-09-14 13:28:01+00:00	LichtBlick_de	"#Energiesparen â€“ fÃ¼r den eigenen Geldbeutel und das Klima. ğŸ‘‰ Unsere Tipps zum #Gassparen: https://t.co/dMykermpOfÂ 
#Heizung"
66	2022-09-13 08:01:22+00:00	LEA_Hessen	"Praktische Tipps zur Senkung des eigenen Energieverbrauchs und damit der Strom- u. Gasrechnung gibt's bei uns telefonisch ğŸ“

ğŸ‘‰Unter 0611-95017-8989 beraten wir Sie kostenlos 
ğŸ‘‰fÃ¼r BÃ¼rger:innen, Unternehmen u. Kommunen 

#energiesparen #energiekosten #gassparen #stromkosten https://t.co/AMQfmBFZv9"
67	2022-09-13 06:39:53+00:00	Vergleich_de	"Angst vor hoher #Gasrechnung? Wir haben Tipps, wie du deinen #Gasverbrauch senken kannst. ğŸ’¡
#gas #gaspreis #heizen #energiekrise #gaskosten #heizkosten #gasvergleich #energiekosten #gassparen #energiesparen #gaspreise 
https://t.co/girpL6LHEi https://t.co/xyEaJZkvYj"
68	2022-09-12 14:29:50+00:00	paa_gmbh	Wir lassen SchÃ¼ler nicht frieren! Mit unserem neuen ProActiveAir iO+ care, reduzieren wir das LÃ¼ften auf 1x alle 45 Min. Dadurch entfallen 70% LÃ¼ftungsintervalle und es werden bis zu 30% Heizenergie gespart! Jetzt unsere PM lesen https://t.co/82WmxBzEua #schule #gassparen #Corona https://t.co/6H2iz2ZDmf
69	2022-09-11 16:09:20+00:00	TinoEberl	"#Gasversorgung in Zahlen. Respekt!

#gaskrise #energiewende #gassparen #habeck 

https://t.co/gxgqn0TGJg"
70	2022-09-06 18:23:21+00:00	GerechtKlima	MaÃŸnahmen in der #Industrie, so viel wichtiger als die letzten Schrott-#Reaktoren in die #Kaltreserve zu nehmen. Sollten sich v.a. die Vertreter:innen der Fraktion Technologieoffenheit @fdpbt dringend angucken! #Effizienzwende #Energieverbrauchrunter #Gassparen #WÃ¤rmewende
71	2022-09-04 19:31:29+00:00	mrcpe1337	Habe jetzt viele Tipps zum #Stromsparen &amp; #Gassparen gelesen. Viele kleine MaÃŸnahmen umgesetzt. Heizung optimiert, entlÃ¼ftet. WLAN Router nachts aus, uvm. Was sind eure Tipps? #Energiekrise #Strompreise #sparen
72	2022-09-04 16:36:54+00:00	Ramadama_21	Ernstgemeinte Frage: Mir wurde gesagt, die #Ã„rmsten trÃ¤fe das #Gassparen eh nicht, weil das #Amt die #Heizkosten zahle. Wie sieht das tatsÃ¤chlich aus? #WissenslÃ¼cke zum #Entlastungpaket und H IV
73	2022-09-04 06:57:56+00:00	fabster_79	Da ich auch ein Gasthermen-Nutzer bin, hab ich mich im FrÃ¼hjahr mal mit unserer Gastherme befasst. Wo kann man da #gassparen (1/13)
74	2022-09-03 11:18:40+00:00	FeelfreeCom	Die LaufzeitverlÃ¤ngerung muss das letzte Mittel sein, wenn #Gassparen und Umbau der Energieversorgung nicht ausreichen....
75	2022-09-03 09:46:50+00:00	MelloRepa	"@MiRo_SPD ... aber er will auch nicht, dass wir jetzt ins totale Sparen geraten. Deshalb verbreitet er Hoffnung, dass bald wieder was kommt und einige sich drauf verlassen. Daher
#Gassparen #Stromsparen was das Zeugs hÃ¤lt, und fertig. Dann kann er nichts machen."
76	2022-09-03 03:55:44+00:00	chancefluencer	"Zitat im #Handelsblatt https://t.co/X64DFZTGLH : ""â€Wir wollen nicht, dass Russland weiter profitiertâ€œ:""

Private Meinung: Ich liege richtig. #GasSparen ist richtig und wichtig. #EinkÃ¤ufe von #Gas und #Ã–l usw. aus #Russland und #Zahlungen sollten jetzt enden. #Peace ğŸ•Š"
77	2022-09-03 03:54:30+00:00	chancefluencer	"Zitat in #ntv https://t.co/zpitfCp6nX : ""Um unabhÃ¤ngig von Putin zu werden, hilft uns nur eines: Gas sparen.""

Private Meinung: Ich liege richtig. #GasSparen ist richtig und wichtig. #EinkÃ¤ufe von #Gas und #Ã–l usw. aus #Russland und #Zahlungen sollten jetzt enden. #Peace ğŸ•Š"
78	2022-09-02 17:24:52+00:00	MelloRepa	"@Klaus_Mueller Richtig. Ab jetzt 
#Gassparen
#Stromsparen
so gut es geht."
79	2022-09-02 17:06:53+00:00	MelloRepa	"@SchmidtSchnauze @DLFNachrichten #Gassparen
#Stromsparen
Kein #Nordstream2
und kein #NordStream1 mehr. ğŸ¤·"
80	2022-09-02 17:04:51+00:00	MelloRepa	"@DLFNachrichten Vielleicht muss man dann jetzt auch sagen, dass man ab jetzt ohne Nordstream auskommen mÃ¶chte.
#Gassparen
#Stromsparen"
81	2022-09-01 22:46:07+00:00	rentneropa666	"#energiesparen #gassparen FÃ¼r Kochen, Warmwasser und Bierzelte wurden 200.000 Kubikmeter Erdgas benÃ¶tigt
Beim Gas wurden damals fÃ¼nf Kilometer Netz gelegt. FÃ¼r Kochen, Warmwasser und die Gartenheizungen der Bierzelte wurden 200.000 Kubikmeter Erdgas benÃ¶tigt. So viel, wie 85"
82	2022-08-31 21:50:10+00:00	bruening_r	@MonikaSchnitzer kennt keine #Preisanpassung bei #EnergievertrÃ¤gen. Bei #MarkusLanz Diskutiert Frau MS. Das wir die #Gasumlage brauchen als Anreiz zum #Gassparen. Seit Monaten werden laufende VertrÃ¤ge immer wieder angepasst, also Preise erhÃ¶ht. Ist das nicht Anreiz genug?
83	2022-08-31 15:44:43+00:00	caricatura_ks	"Cartoon von @thomasplassmann aus der Ausstellung Â»SYSTEMFEHLERÂ² â€“ Cartoons zum Irrsinn der WeltÂ«. TÃ¤glich von 10 bis 20 Uhr in der Caricatura Galerie Kassel.

https://t.co/su2upMoVmZ

#SFH2 #komischekunst #plassmann #gassparen #duschen #gassparbonus #caricatura #kasselkultur2022 https://t.co/GcA5Hsg9UI"
84	2022-08-31 09:55:59+00:00	Pfantomaus	"Was haben wir zum #Gassparen gemacht?

Das Thermostat tagsÃ¼ber auf 20 Â° und nachts auf 16 Â°. Nachts die Fensterjalousie geschlossen (haben wir vorher nie gemacht). Lediglich leicht verschmutztes Geschirr mit kalten Wasser gereinigt und vor allem die Warmwassertemperatur gesenkt."
85	2022-08-31 09:50:07+00:00	Pfantomaus	"#Gassparen ist ohne grÃ¶ÃŸere EinbuÃŸen an persÃ¶nlicher Bequemlichkeit mÃ¶glich ğŸ¥¸

Wir haben gegenÃ¼ber der Vorsaison von September 2021 bis August 2022 den Verbrauch um knapp 39 % senken kÃ¶nnen ğŸ¥³ https://t.co/lPrCHRUAdY"
86	2022-08-31 08:58:23+00:00	ASEWonline	#Gassparen muss in der Tat so bleiben - und verstÃ¤rkt weitergehen. Wir kÃ¶nnen es uns weniger denn je leisten, leichtfertig #Ressourcen zu verbrennen. #Stadtwerke sind auf diesem Weg gemeinsam mit ihren Kundinnen und Kunden zentrale Akteure.
87	2022-08-30 05:43:05+00:00	CHECK24_Presse	#Strom wird teurer - was die #Gaspreise damit zu tun haben https://t.co/xNeP3g1gDb #Energie #Stromsparen #Gassparen #CHECK24 #Gas
88	2022-08-29 13:55:48+00:00	BSalamoohne	Jetzt beginnt die Ãœbergangszeit und wir haben morgens hÃ¤ufig AuÃŸentemperaturen von 12Â°. Dass es wenige Stunden spÃ¤ter warm wird weiÃŸ der Regler nicht. #Gassparen #Gasumlage
89	2022-08-29 05:53:05+00:00	CHECK24_Presse	#Gaspreis im GroÃŸhandel steigt auf neues Rekordhoch https://t.co/9FZ0Td3fjG via @RND_de #Energie #CHECK24 #Gassparen #Gaskrise
90	2022-08-27 17:27:37+00:00	IchKotzen	"Es geht Ã¼brigens nicht ums #GasSparen, sondern um Ideologie.
Was kÃ¶nnten wir in den Haushalten an Gas und Co2 sparen, wenn die alten Gas-Thermen durch moderne Brennwertthermen ersetzt wÃ¼rden.
Diese dann mittelfristig auf Wasserstoff umstellen. 
#Gaskrise"
91	2022-08-27 09:59:22+00:00	StefanKercz	"I sogs glei,
I hab heiÃŸ geduscht, bevor ich's mir nimmer leisten kaun.
#gassparen"
92	2022-08-26 15:14:04+00:00	immo_erfahrung	16 praktische Tipps zum #GasSparenğŸ”¥ğŸ  #Gas #MaÃŸnahmen und Vorsorge fÃ¼r den Winter! https://t.co/spA7QdUDoZ
93	2022-08-25 21:12:06+00:00	heissmann	#Talkshow ist, wenn die kompetente #Wirtschaftsweise zugeschaltet wird, die KURZ erklÃ¤ren darf, warum die #Gasumlage durchaus richtige Anreize zum #Gassparen setzt. Aber nur kurz, denn die These der Sendung ist ja, dass alles ganz furchtbar ist ğŸ™„
94	2022-08-25 12:42:30+00:00	lktnrw	Energiekrise: #KreiseNRW bereiten sich mit Hochdruck auf drohende Gasmangellage vor. https://t.co/hueTEEHmti #Gasmangel #Energiekosten #Energiekrise #Gassparen #Katastrophenschutz
95	2022-08-25 08:44:23+00:00	MartinBetzwies1	Die Karikaturisten #GreserLenz Ã¼ber #Gassparen #gasnotstand #Gaskrise #Gaspreise https://t.co/f5qdUip74p
96	2022-08-25 06:01:58+00:00	CHECK24_Presse	"Vom Import bis zum Endkunden - So entsteht der hohe Preis fÃ¼r #Gas
https://t.co/Fom9Rlddpj #Energie #Gasumlage #Gassparen #Gaskrise #CHECK24"
97	2022-08-24 15:30:00+00:00	RND_de	Wenn es ganz dicke kommt, mÃ¼ssen #KlausMÃ¼ller und sein Team bei der #Bundesnetzagentur bestimmen, wer noch Erdgas bekommt und wer nicht. Doch wer ist der Mann, der auf allen KanÃ¤len zum #Gassparen aufruft? https://t.co/zkur9py6LJ
98	2022-08-24 15:23:33+00:00	baronchelli_d	@Seegee06 Freiwilliges #Maskentragen, freiwilliges #Gassparen? Wann kommt freiwillig 50 km/h innerorts und 120 km/h fahren? Freiwillig Abfall nicht auf Wiese werfen? Freiwilliges BekÃ¤mpfen der #Klimakatastrophe, freiwillig auf #Sanktionen verzichten? Die spinnen vollkommen in #Bundesbern!
99	2022-08-24 15:07:19+00:00	AgathoniaMedia	"#Gaspreisdeckel: ""Unser Vorschlag verbindet eine preisgedeckelte #Gasgrundsicherung mit preisbasierten Anreizen zum #Gassparen fÃ¼r den verbleibenden Verbrauch.""

https://t.co/X0FA464vZf #solutions #inflation"
100	2022-08-24 14:16:13+00:00	WilliBischof	#Gassparen darf nicht bestraft werden! Das Sozialamt und das Jobcenter kassieren von Grundsicherungsbezieher*innen die eingesparten BetrÃ¤ge. Wer hofft, mehr zum Leben zu haben, wenn er beim Duschen und Heizen Energie spart wird enttÃ¤uscht.
101	2022-08-24 12:02:12+00:00	DSGroup_IT	"ğŸ“ˆ Angesichts der weiter steigenden Heizkosten, lohnt es sich, fÃ¼r diesen Winter auf effektives und sparsames Heizen zu achten. 

#energie #energiesparen #Energiekosten #Energiekrise #tipps #heizen #heizung #heizkosten #gas #gaskrise #gassparen 

â–¶ https://t.co/qYkSSVBg6d https://t.co/Nhueo8v4NR"
102	2022-08-24 08:40:39+00:00	haustec_de	#Gasspeicher schonen mit AbwÃ¤rme aus Rechenzentren: Die #AbwÃ¤rme aus Rechenzentren zur Beheizung heranzuziehen und damit die GebÃ¤udeeffizienz zu erhÃ¶hen kann ein sinnvoller Beitrag zum #Gassparen sein, schlÃ¤gt der DENEFF vor. So soll es gehen: https://t.co/kzbQrehvxh https://t.co/SnfXnhLYhU
103	2022-08-24 05:38:27+00:00	CHECK24_Presse	500 Euro pro Monat!: #Gas knackt nÃ¤chste Preis-HÃ¼rde - #Singles, Paare und Familien zahlen drauf https://t.co/pH2OauXcgE via @focusonline #Energie #Gassparen #Gaskrise #Gasumlage #CHECK24
104	2022-08-23 19:53:56+00:00	AengelBloody	"@Elitiker Diesen Herbst? 
Hab ich keine Zeit. Bin ich mit #Gassparen beschÃ¤ftigt!"
105	2022-08-23 19:31:44+00:00	_claudiaroesler	Ich werd mir einfach jetzt jeden Abend, kurz vor Dienstschluss, ein paar Stamperln von unseren Whiskys, Grappe, Cognacs oder BrÃ¤nden hinter die Binde gieÃŸen. Dann bin i blunznfett und angeblich ist einem dann ned kalt ...Heimweg is eh nur 3 mal umfallen, hÃ¶chstens. ğŸ˜œ #Gassparen
106	2022-08-23 11:14:15+00:00	IchKotzen	@BeatriceBednarz Was kÃ¶nnten wir in den Haushalten an CO2 und #GasSparen, wenn die alten Gas-Thermen durch moderne Brennwertthermen ersetzt wÃ¼rden. Leider ist dieses dank #EEG nicht mehr bezahlbar. Statt 5000â‚¬ fallen jetzt  Kosten von &gt;30000â‚¬ an.
107	2022-08-23 09:43:22+00:00	IchKotzen	"Was kÃ¶nnten wir in den Haushalten an #GasSparen, wenn die alten Gas-Thermen durch moderne Brennwertthermen ersetzt wÃ¼rden. Leider ist dieses dank #EEG nicht mehr bezahlbar. Statt 5000â‚¬ fallen jetzt  Kosten von &gt;30000â‚¬ an. 
#Gaskrise
https://t.co/b9I6CapDZh"
108	2022-08-23 07:20:19+00:00	TaunusOnline	"wknachrichten | Was haltet ihr von den EinsparungsmaÃŸnahmen der Stadt? 
#Gassparen #Energiesparen #Wiesbaden #Lichtaus 

https://t.co/xwT6Hc9euf"
109	2022-08-23 07:10:51+00:00	CHECK24_Presse	Schock! #Gas-Preis steigt um fast 1000 Prozent https://t.co/sYZsqnXv6D #Energie #Gaskrise #Gassparen
110	2022-08-23 05:44:21+00:00	CHECK24_Presse	#Gaspreis steigt deutlich https://t.co/VRWtt9b4bC #Energie #Gas #Gassparen #Gaskrise #CHECK24
111	2022-08-23 05:43:48+00:00	CHECK24_Presse	#Gaspreise auf Rekordhoch: 1000 Prozent teurer als im Vorjahr https://t.co/398cg33doM via @RND_de #Energie #Gas #Gassparen #Gaskrise #CHECK24
112	2022-08-22 21:41:34+00:00	AltbauNeu	"Die Gas-Misere zeigt einseitigen Ressourcenumgang, einen verschlafenen Ausbau der #Erneuerbaren und NaivitÃ¤t im Umgang mit #Russland.
Eines ist aber auch klar: #Gassparen kann jeder! Und - im Gegensatz zum #Artikeltitel - es gibt genug #LowCost AnsÃ¤tze ...
https://t.co/DBt6gZMmzm"
113	2022-08-22 17:19:03+00:00	kupruess	Ach ja, Herr #Habeck und Herr #OlafScholz das mit dem #Gassparen wird schon werden. SpÃ¤testens wenn die #Gasversorger den Geringverdienern den Gashahn zudrehen, weil sie die AbschlÃ¤ge nicht zahlen kÃ¶nnen.
114	2022-08-22 16:12:04+00:00	Socialfoodture	"ğŸ¤“ ğŸ’¶ Meine Tipps der Woche - Strom, Gas und Wasser sparen im ErnÃ¤hrungsalltag 

Speichert euch diesen Beitrag gerne ab! 

#stromsparen #gaspreise #ernÃ¤hrung #nachhaltigeernÃ¤hrung #umweltundernÃ¤hrung #gassparen #energiesparen #energiewende #haushaltstipp https://t.co/FDTQKk8SGz"
115	2022-08-22 16:10:16+00:00	wknachrichten	"Was haltet ihr von den EinsparungsmaÃŸnahmen der Stadt? 
#Gassparen #Energiesparen #Wiesbaden #Lichtaus 

https://t.co/PhI67v4s53"
116	2022-08-22 13:14:40+00:00	CHECK24_Presse	Neuer Teuer-Schock: #Gaspreis steigt um fast 1000 Prozent! https://t.co/0ZQMoQ0mbz #Energie #Gas #Gassparen #Gaskrise
117	2022-08-22 05:47:00+00:00	CHECK24_Presse	#Gaspreise steigen weiter: Entlastung durch Steuersenkung https://t.co/6yVWDpwmor via @RND_de #Gas #Energie #Gassparen #Mehrwertsteuer #CHECK24
118	2022-08-21 20:34:52+00:00	Trontir	Informativer und ausfÃ¼hrlicher Thread zur Einordnung von #Gasspeicher vs. #Gassparen . Lesenswert ğŸ‘‡ #Gaskrise
119	2022-08-19 11:53:48+00:00	Vergleich_de	"#Energie ist knapp und teuer. Da will man sparen, wo man kann. Heute geht es darum, wie du in der KÃ¼che und im Bad #Gas, #Strom und #Wasser sparst.
https://t.co/9vgTrICRgt
#gassparen #stromsparen #wassersparen #gasumlage #energiekrise #energiesparen #inflation #energiekosten https://t.co/391gWnGvTv"
120	2022-08-19 08:50:13+00:00	ChHaussmann	#Gasversorgung im #UkraineKrieg #Kretschmann gibt Tipps zum #Gassparen: Â»Auch der Waschlappen ist eine brauchbare ErfindungÂ« https://t.co/5HZcPR5lm0 via @derspiegel ğŸ¤·â€â™‚ï¸ Mehr als #GrÃ¼ne #Waschlappen hatte Kretschmann,  obwohl bezahler Volksvertreter, noch nie anzubieten.
121	2022-08-19 07:39:29+00:00	CHECK24_Presse	Scholz senkt #Mehrwertsteuer: Nun wird die #Gasrechnung kompliziert https://t.co/i6ThaZ2jkl #fplus #Gas #Gassparen #Energie #CHECK24
122	2022-08-19 06:22:38+00:00	ralf_streck	"#Gassparen: 
Muss #Spanien fÃ¼r Deutschlands energiepolitische Fehler schwitzen? | heise online Hier wird die These aufgestellt, aber eher muss #Deutschland  wegen einer falschen #Energiepolitik in Spanien u #Frankreich teuer zahlen u wohl bald frieren
https://t.co/PAa8vggE2D"
123	2022-08-18 16:38:21+00:00	N_Heisterhagen	"Heute Abend ist @Klaus_Mueller von der @bnetza bei @maybritillner 

Jetzt ist er schon bei uns im @Wirtschaft_bpoe des @Wirtschaft_SPD 

Mit einem klaren Appell zum #Gassparen und dem Optimismus, diese Krise zu meistern 

https://t.co/8qZ1geq7YG"
124	2022-08-18 08:58:47+00:00	rv_saarbruecken	Liebe 80 Millionen: Jetzt beim #Gassparen mitmachen. Heizung #winterfit und Warmwasserhahn zumachen. Damit wir alle gut durch den Herbst und Winter kommen. Wir sind dabei! https://t.co/DKv4tpLPyz https://t.co/fkkLwZpMeh
125	2022-08-18 07:17:12+00:00	Vergleich_de	"Wie kann man den GasÂ­verÂ­brauch im HausÂ­halt effekÂ­tiv senken? Wir haben #Tipps gesammelt, wie du in allen wichtigen Bereichen #Gas sparen kannst. ğŸ’°ğŸ’¡ 
https://t.co/girpL6LHEi
#gasumlage #gassparen #energiesparen #spartipps #sparen #inflation #energie #heizen #gaskosten #strom https://t.co/kTyuOugXo9"
126	2022-08-18 05:23:54+00:00	fls_news	"Zugleich schwÃ¶rt er die Deutschen auf eine lÃ¤ngere Zeit des #Gassparen|s ein. ""Es geht nicht nur um einen Winter, sondern um mindestens zwei. Und der folgende kÃ¶nnte noch einmal hÃ¤rter werden."" Er betont: ""Das werden mindestens zwei anstrengende Winter."""
127	2022-08-17 13:15:22+00:00	achim_albrecht	HeiÃŸe Luft in Sachsen im Winter? #Gassparen. Nichts wie hin, oder? Oder? #Mutwinter
128	2022-08-17 13:01:10+00:00	CHECK24_Presse	#Gasumlage â€“ Nach EU-Entscheidung: 1,4Â MilliardenÂ Euro mehr fÃ¼r den Staat https://t.co/1LFx5atlvi #Energie #Gas #Gassparen #CHECK24
129	2022-08-17 11:25:53+00:00	IchKotzen	"#Gaskrise #GasSparen #KeinGasZuStrom
Der Gasverbrauch fÃ¼r die Stromerzeugung steigt massiv an. Das treibt die Gas- und Strompreise.
So kann man die BevÃ¶lkerung natÃ¼rlich auch zwingen weniger Gas zu nutzen.
Und noch immer keine weiteren Kohlekraftwerke am Netz.
Ich kÃ¶nnte kotzenğŸ¤® https://t.co/ISJs0eRx9C"
130	2022-08-17 10:47:20+00:00	UdoSiev	"Im #HandelsblattGreen Podcast zur #Gaskrise

#Energiesparen #Gassparen #HeizlÃ¼fter 

https://t.co/KfOdm09ttN

@handelsblatt 
@MichaelScheppe 
@RheinEnergie @vznrw_energie @vznrw https://t.co/aFQ7R6T4ii"
131	2022-08-16 16:00:47+00:00	IchKotzen	"#Gaskrise #GasSparen
Was kÃ¶nnten wir in den Haushalten an Gas sparen, wenn die alten Gas-Thermen durch moderne Brennwertthermen ersetzt wÃ¼rden. Leider ist dieses dank #EEG nicht mehr bezahlbar. Statt 5000â‚¬ fallen jetzt  Kosten von &gt;30000â‚¬ an. 
Ich kÃ¶nnte kotzen!!!ğŸ¤®ğŸ¤®ğŸ¤®"
132	2022-08-16 05:56:45+00:00	srfnews	Laut einer #VerhaltensÃ¶konomin kann es effektiv sein, dass der #Bund die BevÃ¶lkerung zum #Strom und #Gassparen ermuntert. https://t.co/ySxGQfnyYt
133	2022-08-15 08:29:25+00:00	jenny_jasberg	"Die @CDU_Hamburg muss sich ehrlich machen und zugeben, dass sie zu Energiefragen nichts Konstruktives beizutragen hat!
Angst zu schÃ¼ren vor Dunkelheit im Winter und fordern, dass mal eben ein demontiertes Kohlekraftwerk neu gebaut wird, hilft jedenfalls nicht beim #Gassparen."
134	2022-08-14 18:00:02+00:00	faznet	Die #Gasumlage kommt ab Oktober. Damit der Staat daran nicht mitverdient, schickt Finanzminister Christian #Lindner einen Brief nach BrÃ¼ssel â€“ mit der Bitte fÃ¼r eine Ausnahme. Gleichzeitig erzielt Deutschland beim #Gassparen einen ersten Erfolg. https://t.co/TUWvLn0sQL
135	2022-08-14 11:13:45+00:00	BerndBurkert	"@metaxa1977 @B0b4F377 @derspiegel Im Prinzip richtig, aber ich denke, #Putin wird Ã¼ber seine Spiogenten ohnehin bestens informiert sein.
Uns Verbrauchern zeigt's aber: #Gassparen ist mÃ¶glich! #ClimateAction"
136	2022-08-12 19:44:33+00:00	Elektronews	Ã–ffentliche GebÃ¤ude nachts nicht mehr anzustrahlen ist in diesen Zeiten ein politisches Symbol â€“ und zeigt, dass wir es mit dem #Gassparen ernst meinen. Ein Kommentar von Petra Pinzler. #Gaskrise  #Energiesparen https://t.co/MVuOa8gQpD
137	2022-08-11 16:44:26+00:00	UdoSiev	"76% der Haushalte im Kreis #Borken #MÃ¼nsterland heizen mit #Gas. Typisch fÃ¼r den lÃ¤ndlichen Raum. Umso wichtiger der Appell zum #Gassparen von 
@ZwickerDr

Viele Infos zum #Energiesparen bei @vznrw_energie 
https://t.co/x5nO2eccL2

@lktnrw @MHKBD_NRW 

https://t.co/JMCi7SM7v8"
138	2022-08-11 14:40:48+00:00	DIEZEIT	Ã–ffentliche GebÃ¤ude nachts nicht mehr anzustrahlen ist in diesen Zeiten ein politisches Symbol â€“ und zeigt, dass wir es mit dem #Gassparen ernst meinen. #red https://t.co/v7WpWUwVJr
139	2022-08-08 08:45:05+00:00	faznet	Spanien will beim #Gassparen in #Europa ein Vorbild werden. Die Klimaanlagen sollen bei 27 Grad stoppen und nicht mehr auf niedrigere Temperaturen kÃ¼hlen. Hans-Christian RÃ¶ssler berichtet aus Madrid Ã¼ber den Streit um das #Temperaturlimit. https://t.co/tNySSJUwtl
140	2022-08-07 15:53:13+00:00	ClaireLaaffat	@Jack71302298 @hsussebach @Andreas__Rinke @uedio #Gassparen ist vernÃ¼nftig, egal aus welchem Grund &amp; ne Heizung braucht im Moment wirklich kein Mensch. Also beschrÃ¤nkt es sich wohl vor allem auf warmes Wasser; die EinschrÃ¤nkungen (nicht zu lange laufen lassen) dÃ¼rften fÃ¼r die Einzelnen verkraftbar sein. Die Masse machts.
141	2022-08-06 13:41:32+00:00	i_iangg	"Olaf wird seine Turbine nicht los

#Russland #Deutschland #bundeskanzler #OlafScholz #Scholz #Siemens #Turbine #TurbinenOlaf #Gazprom #nordstream #Gas #gasversorgung #Gasnotstand #Gasumlage #Gaspreise #gassparen #gassparen #Frierem #KalterWinter #Winter https://t.co/e8PpepdV2R"
142	2022-08-06 13:37:09+00:00	BlaBlubBlub	Bitte #Maskenpflicht und #2G auf dem #Oktoberfest, um internationale GÃ¤ste an der #GermanAngst teilhaben zu lassen. AuÃŸerdem das GelÃ¤nde mit Mantras Ã¼ber #Energiewende, #Gendergaga #gassparen, etc. plakatieren, um die erhabene Stellung Dooflands angemessen zu prÃ¤sentieren ğŸ¤¡
143	2022-08-06 06:26:46+00:00	Imperat78891762	"https://t.co/OxZDF52IJ2 

Sterben muss ich sonst nichts. #inflation ,#Gas,#Gassparen,#Bundesnetzagentur ."
144	2022-08-05 12:07:44+00:00	svenkubiak	War auf der Suche nach einer optischen Indikation wie lange man duscht und wann x (7) Minuten rum sind. Alles was ich im Internet gefunden habe, war entweder zu teuer oder unpraktisch. Also selber bauen. Version 1 gewinnt keinen SchÃ¶nheitspreis, tut aber seinen Zweck. #Gassparen https://t.co/Uc8tv2jGoQ
145	2022-08-05 10:46:22+00:00	tagesschau	Gasspeicher-FÃ¼llstand Ã¼berschreitet 70-Prozent-Marke https://t.co/bRAik0dj95 #Gassparen #Gasspeicher #Bundesnetzagentur #Gaslieferungen
146	2022-08-05 06:03:42+00:00	Bauschweiz	"Im kommenden Winter kÃ¶nnte es kritisch werden, sowohl Unternehmen als auch Privathaushalten droht eine Gasrationierung  #Energiekostensenken #GasSparen

https://t.co/wYl6bZ1mZM https://t.co/uy9cDflg61"
147	2022-08-04 19:51:01+00:00	Nailfreak1	"HÃ¶here Kosten fÃ¼r Verbraucher
So teuer wird die neue #Gas #Umlage

Keine Sorge. Unter der #Maske ist es schÃ¶n warm. ğŸ¤¡ #Gassparen 

#GruenerMist #ampelmussweg #RegierungRuecktritt"
148	2022-08-04 09:12:00+00:00	Umweltnews	Mehr Tempo bei MaÃŸnahmen zum #Gassparen â€“ das fordern sowohl der Bundesverband der deutschen Industrie als auch UmweltverbÃ¤nde von der Bundesregierung. https://t.co/DJtB3FBZCL https://t.co/i7G60QqlSE
149	2022-08-04 07:27:32+00:00	belman_raika	"Ãœberraschung - und mal eine erfreuliche.

Wird aber von #CDU, #CSU, #FDP sorgfÃ¤ltig geheimgehalten.

#Industrie kann #Gassparen"
150	2022-08-03 21:46:28+00:00	WALHOLLE	"Gasnotfallplan aktiviert ... ğŸ˜ğŸ’ª

#gassparen #keingradweiter #kaltduschen #frierenfÃ¼rdenfrieden
#saufenstattfrieren https://t.co/v5TJL8ZnEJ"
151	2022-08-03 16:00:44+00:00	Schnurr67	"Ich habe eine Idee wie man #Stromsparen &amp; #Gassparen kann.
Wir essen vorher ganz viel und legen uns alle in einer HÃ¶hle und halten einen Winterschlaf. 
Iff fanfe vo mal an ...mampf mampf"
152	2022-08-03 10:29:05+00:00	smc_germany	Die #Gasumlage kommt im Herbst. Forschende finden Preissignale wichtig fÃ¼rs #Gassparen, aber mahnen: Zielgenaue Entlastungen sind notwendig. Zudem ein stabiler Strommarkt: Wenn Gas zu teuer wird und Menschen mit Strom heizen, kann das Netz zusammenbrechen. https://t.co/rYsvjjwpRX
153	2022-08-03 09:02:07+00:00	Openhuman	"Arm vs. Reich = Verdopplung des Gasverbrauchs.
Hat das etwas mit der WohnraumgÃ¶ÃŸe zu tun? 

Und kann man da nicht wirklich ein Zimmer ""abschalten"" wo mÃ¶glich?

#gaskriese #gassparen #sparen"
154	2022-08-02 12:11:36+00:00	horstchampaun	Einfach mal Warmwasser an allen Waschbecken abstellen. Warmes Wasser zum HÃ¤ndewaschen braucht keiner und die HÃ¤hne stehen immer in Mittelstellung, sodass immer Warmwasser mit verwendet wird. #warmwasserhahnzu  #gaspreise #gassparen #gashack
155	2022-08-02 11:49:55+00:00	GerechtKlima	@Luisamneubauer Das Problem dabei: Allein diese (unsÃ¤gliche) Diskussion weiter zu fÃ¼hren, alleine das Narrativ der Energiewende-Saboteure zu forcieren, fÃ¼hrt uns auf falsche Gleise. Und verhindert notwendige Diskussion zu #Effizienzwende + #Energiesparen +#Gassparen! #Endnuclear #AKWAbschalten
156	2022-08-02 09:45:51+00:00	NetzeSuedwest	"#gassparen
Was haben Sie auf dem â€Gastachoâ€œ?
Neues Online-Tool unterstÃ¼tzt Privathaushalte beim 
Gassparen. Elektrische Direktheizer sollten hingegen vermieden werden.
https://t.co/MtitKceE1G"
157	2022-08-02 09:04:45+00:00	S_Gortchakoff	"@Karl_Raaben @fuecks hatte ich nich behauptet

bei mir immer genau lesen, bitte !

LNG is auch nich der KÃ¶nigsweg, wie ich heute lernte, da wir nun anderen LÃ¶ndern dieses wegkaufen ...
=&gt; SPAREN, SPAREN, SPAREN 
#WirMÃ¼ssenGasSparen #GasSparen #DEschafftDAS"
158	2022-08-02 07:25:00+00:00	JAMES_B0NT	Lustig? #GasSparen denn jeder soll seinen Beitrag leisten.... Nur jene die sich all die Jahrzehnte mit/an Putin die Taschen stopfen konnten, jene nicht, denn fÃ¼r diese gibt es ja den Tankrabatt... Habe ich das so jetzt richtig verstanden?
159	2022-08-02 07:01:59+00:00	Haiopai7	"Wie kann das eigentlich sein, dass in Spanien jetzt schon MaÃŸnahmen zum #Gassparen umsetzt im und aus der scheiÃŸe zu helfen, wir aber nicht?
https://t.co/I0Jab1DNPz"
160	2022-08-01 20:32:11+00:00	fabster_79	"Haben gerade festgestellt, dass sich unser Gaspreis ab dem 1.9. verfÃ¼nffacht.
#gassparen"
161	2022-08-01 16:11:57+00:00	nln134	@c_lindner Vielen Dank fÃ¼r die Erinnerung daran, dass Sie immer noch nichts Ernsthaftes unternehmen, um Russland in seine Schranken zu verweisen. Wie wÃ¤re es mit #Tempolimit Strom- und #Gassparen ?
162	2022-08-01 01:32:04+00:00	brightsblog	"Der Energiestreit in der Regierung eskaliert
https://t.co/ZnlWyjkVF6 Angst vor dem Blackout im Winter: GrÃ¼ne und FDP geraten bei lÃ¤ngeren AKW-Laufzeiten und PlÃ¤nen zum Gassparen aneinander... #AKW #FDP #GrÃ¼ne #Energie #Gassparen https://t.co/OXBIeWMMDV"
163	2022-07-31 21:21:41+00:00	ATENTRO	#gassparen die Gasheizung runter, dafÃ¼r einige HeizlÃ¼fter rauf - und schon kompensiert man ein wenig fehlendes Gas - braucht aber dafÃ¼r Strom, liebe #diegrÃ¼nen wie wÃ¤re es mit einer #steuererleichterung auf Strom im Winter ?
164	2022-07-31 21:00:03+00:00	wurzelhacke	@nullachtkoeln Er hat schon fÃ¼r den #Klimawandel und #Gassparen mit dem Duschen aufgehÃ¶rt
165	2022-07-31 18:46:53+00:00	Marler030	Deutschland diskutiert Ã¼ber #gassparen und bei #grilldenhenssler lodern die Flammen ohne Ende zu Dekozwecken.
166	2022-07-30 01:13:17+00:00	zeitonline_pol	Der stellvertretende Vorsitzende der #FDP-Bundestagsfraktion Lukas KÃ¶hler will Anreize zum #Gassparen schaffen. #Langzeitarbeitslose sollten finanziell belohnt werden, wenn sie sparsam heizen. #Energiekrise https://t.co/2FHYkj4OPN
167	2022-07-29 15:36:58+00:00	UlfMeinke	Reicht das Gas? â€Diesen Winter wird das Thema #Gassparen ein ganz entscheidendesâ€œ, sagt Frank Mastiaux, der Chef von @EnBW vor der @WPVNRW. â€Wir mÃ¼ssen jetzt handeln.â€œ Dazu gehÃ¶re auch: â€nur zweieinhalb statt acht Minuten duschenâ€œ. #Gaskrise
168	2022-07-29 12:02:09+00:00	TomicekM	"Die DFB-Frauen treffen im EM-Endspiel, am Sonntag, auf Gastgeber England.
#DFB #DFBFrauen #FrauenfuÃŸball #EM #EMEndspiel #Endspiel #Finale #DeutschlandEngland #England #Gas #Gasumlage #Gassparen #Gaslieferung #Karikatur https://t.co/6MibuyyA8M"
169	2022-07-29 07:40:00+00:00	WN_Redaktion	"Deutschland bittet andere #EU-Staaten um SolidaritÃ¤t beim #Gassparen, will aber an seinen PlÃ¤nen fÃ¼r den #Atomausstieg festhalten. In manch einem EU-Staat sorgt das fÃ¼r Unmut - und fÃ¼r klare Forderungen.
Via @dpa 
https://t.co/3UuFrYvpn7"
170	2022-07-29 06:57:14+00:00	Elektronews	"Deutschland bittet andere EU-Staaten um SolidaritÃ¤t beim #Gassparen, will gleichzeitig aber an seinen PlÃ¤nen fÃ¼r den #Atomausstieg festhalten. In einigen PartnerlÃ¤ndern sorgt das fÃ¼r Unmut. #Gaskrise #Akw
https://t.co/NVOUWyFBdU"
171	2022-07-28 14:11:49+00:00	kinra	â€Fast jeden Tag gibt es Appelle zum #Gassparen und sich im Winter warm anzuziehen, schlieÃŸlich droht ein Engpass. Aber das gilt offenbar nur fÃ¼r #NormalVerbraucher*innen, nicht fÃ¼r #Kraftwerksbetreiberâ€œ https://t.co/stP3sqdyfo
172	2022-07-28 08:48:33+00:00	StadtwerkeJena	"+++ Gas sparen im Sommer  +++

Bei den sommerlichen Temperaturen drauÃŸen denkt man wahrscheinlich nicht an #Gassparen. Mit diesen Tipps kann man schon jetzt fÃ¼r die kÃ¼hleren Tage vorsorgen.

ğŸ‘‰  Weitere Energiespartipps: https://t.co/XeEAOOhCZ1 https://t.co/wjckFqTy4S"
173	2022-07-27 17:07:37+00:00	mdr_th	"ThÃ¼ringer Energieministerin @AnjaSiegesmund ruft zum #Gassparen auf. Der Grund liegt bei verkÃ¼rzten Gasliefermengen aus #Russland. Um sicher Ã¼ber den Winter zu kommen, mÃ¼ssten die #Gasspeicher noch weiter gefÃ¼llt werden.
https://t.co/Io9kQj35wG"
174	2022-07-27 14:55:59+00:00	Gertuselix	"Wie Deutsche kommunizieren : apodiktische Gesten, belehrender Blick. Die SchÃ¼ler erschrocken und distanziert.
Kaiser Wilhelm II heute. Nur halt mit moralischen Sporen.

#Gassparen
#Habeck https://t.co/8BBkWNSu0p"
175	2022-07-27 14:31:43+00:00	PoppHans1	"#Gassparen
es so wie bei dem Witz warum lÃ¤ufst Du dem Bus nach  Antwort um 2 Euro zu sparen , du Narr lauf doch lieber einem Taxi nach dann sparst Du 20 Euro ein GrÃ¼ner Sparplan exakt recherchiert"
176	2022-07-27 11:02:43+00:00	florianguessgen	Die Erkenntnis, dass der Preis zum Energiesparen verleitet, kommt erstaunlich spÃ¤t in der Diskussion an. Es ist wohl der erste richtig groÃŸe Fehler Robert Habecks, hier zu zÃ¶gern - und auch das Regelenergieprodukt Auktion der THE ist ja offenbar noch nicht fertig. #Gassparen
177	2022-07-27 09:54:00+00:00	vzbv_eteam	Tipps von der #Energieberatung der Verbraucherzentrale zum #Gassparen zu jeder Jahreszeit: vom Duschen bis zur Heizung. @vzbayern #eTeam. https://t.co/t8pFSvFydg https://t.co/MRTuQbyU0M
178	2022-07-27 07:59:01+00:00	Wohnraumkoenner	Jeder Verbraucher kann selbst etwas tun, um weniger Gas im eigenen Haushalt zu verbrauchen. Schon beim Duschen lÃ¤sst sich #Gassparen. Etwas kÃ¼rzer und kÃ¤lter zu duschen, lohnt sich also. #Gasnotstand #Energiesparen #Kostensenken
179	2022-07-26 21:19:59+00:00	TinoEberl	"Alle machen #Klimaschutz:
#Fluggesellschaften tun so, als kÃ¶nnten sie nicht abfertigen.
#Gasprom tut so, als kÃ¶nnten sie nicht liefern.
Streikende tun so, als ginge nicht der November.
#EU tut so, als wÃ¤re #Gassparen wegen Gasprom.

Autofahrer kÃ¶nnten so tun, als hÃ¤tten sie Zeit."
180	2022-07-26 19:22:56+00:00	magieundhexerei	"Alles unnÃ¶tige #LichtAus (z.B. #Werbung nachts), Start am #ErdÃ¼berlastungstag 28.07.2022, erstmal bis zum Jahresende, scheint ein sehr guter Plan zu sein. ğŸ’¡
#EnergieSparen #StromSparen #GasSparen #Ã–lSparen #temporÃ¤resTempolimit #Sonntagsfahrverbot #Lichtverschmutzung #Gaskrise"
181	2022-07-26 18:43:02+00:00	LizCollet	Sehr erfolgreich kann es mit den #Katar-VertrÃ¤gen zur Sicherung der #Gasversorgung bislang auch mehr als zwei Monate seit #lasttweets kaum stehen, wenn stattdessen #Habeck auf #Gassparen einschwÃ¶rt https://t.co/XenqMmJpdB
182	2022-07-26 17:23:34+00:00	AndreaAhrens25	Knoop: App steuert StraÃŸenlaternen auf dem Dorf #gassparen #gasnotstand #gasspartipp #habeck #deutschlandspartgas https://t.co/giF2b0EzFz
183	2022-07-26 15:44:21+00:00	cicero_online	Die EU-Staaten haben sich auf einen gemeinsamen Plan zum #Gassparen geeinigt. â€Europa lÃ¤sst sich nicht spaltenâ€œ, feiert Robert #Habeck (#GrÃ¼ne) den Kompromiss. Doch damit die Einigkeit hÃ¤lt, wird sich v.a. seine Partei bewegen mÃ¼ssen, meint @dg_graeber. https://t.co/g3jUrXWLSw
184	2022-07-26 14:10:57+00:00	Hamburg1	"So bereiten sich Hamburger #Betriebe aufs #Gassparen vor
Alternative EnergietrÃ¤ger anstelle von Gas benÃ¶tigt
https://t.co/uMAy0T91Yj #Hamburg #Gaskrise https://t.co/QrJSza54us"
185	2022-07-26 12:09:25+00:00	BuschRiecke	"@stockmum .#Gassparen erreicht man Ã¼ber den Preis. 
GroÃŸe Unternehmen erhalten monatlich ihre Rechnung und versuchen permanent Kosten zu senken. 

Es fehlt der Anreiz fÃ¼r die privaten Verbraucher. 
Versorger sollten Heizkosten-Zwischenabrechnung senden und Abschlag anheben. So easy

@BMWK"
186	2022-07-26 10:28:16+00:00	wznachrichten	Die EU-Staaten haben sich auf einen Notfallplan zur Senkung des Gaskonsums geeinigt und mit der notwendigen Mehrheit in BrÃ¼ssel beschlossen. Die Lage in der Ukraine im Ãœberblick. #ukraine #gassparen #gaskrise https://t.co/kWhdoMEreW
187	2022-07-26 10:28:15+00:00	wknachrichten	Die EU-Staaten haben sich auf einen Notfallplan zur Senkung des Gaskonsums geeinigt und mit der notwendigen Mehrheit in BrÃ¼ssel beschlossen. Die Lage in der Ukraine im Ãœberblick. #ukraine #gassparen #gaskrise https://t.co/yIVhDHSzy1
188	2022-07-26 10:28:13+00:00	oberhessische	Die EU-Staaten haben sich auf einen Notfallplan zur Senkung des Gaskonsums geeinigt und mit der notwendigen Mehrheit in BrÃ¼ssel beschlossen. Die Lage in der Ukraine im Ãœberblick. #ukraine #gassparen #gaskrise https://t.co/RtGyD1RCwK
189	2022-07-26 10:28:05+00:00	mittelhessende	Die EU-Staaten haben sich auf einen Notfallplan zur Senkung des Gaskonsums geeinigt und mit der notwendigen Mehrheit in BrÃ¼ssel beschlossen. Die Lage in der Ukraine im Ãœberblick. #ukraine #gassparen #gaskrise https://t.co/H5UTNfpFjD
190	2022-07-26 10:28:04+00:00	mspnachrichten	Die EU-Staaten haben sich auf einen Notfallplan zur Senkung des Gaskonsums geeinigt und mit der notwendigen Mehrheit in BrÃ¼ssel beschlossen. Die Lage in der Ukraine im Ãœberblick. #ukraine #gassparen #gaskrise https://t.co/ODT4BrH8gL
191	2022-07-26 10:28:03+00:00	LAredaktion	Die EU-Staaten haben sich auf einen Notfallplan zur Senkung des Gaskonsums geeinigt und mit der notwendigen Mehrheit in BrÃ¼ssel beschlossen. Die Lage in der Ukraine im Ãœberblick. #ukraine #gassparen #gaskrise https://t.co/gEOvh9IE1b
192	2022-07-26 10:27:59+00:00	RsselsheimerEc2	Die EU-Staaten haben sich auf einen Notfallplan zur Senkung des Gaskonsums geeinigt und mit der notwendigen Mehrheit in BrÃ¼ssel beschlossen. Die Lage in der Ukraine im Ãœberblick. #ukraine #gassparen #gaskrise https://t.co/DpzmTQR70C
193	2022-07-26 10:27:59+00:00	Echo_Online	Die EU-Staaten haben sich auf einen Notfallplan zur Senkung des Gaskonsums geeinigt und mit der notwendigen Mehrheit in BrÃ¼ssel beschlossen. Die Lage in der Ukraine im Ãœberblick. #ukraine #gassparen #gaskrise https://t.co/E4z8BrZWHN
194	2022-07-26 10:27:56+00:00	aznachrichten	Die EU-Staaten haben sich auf einen Notfallplan zur Senkung des Gaskonsums geeinigt und mit der notwendigen Mehrheit in BrÃ¼ssel beschlossen. Die Lage in der Ukraine im Ãœberblick. #ukraine #gassparen #gaskrise https://t.co/A4K2sLaK0q
195	2022-07-26 07:58:53+00:00	wernerkeil	DIE NEUSTEN ENTWICKLUNGEN - #Rohstoffe als #Waffen: #EU-Staaten verstÃ¤ndigen sich auf #Notfallplan zum #Gassparen https://t.co/GOOfyCwXDZ via @NZZ
196	2022-07-26 06:30:12+00:00	Statisterie	#EU plant #NotfallmaÃŸnahmen fÃ¼r #Gassparen - ZDFheute https://t.co/hRzTcSkCpB
197	2022-07-26 06:25:34+00:00	3MinutenEi	"@kanews Ja, Biogas aus dem Dreck, den hier vermeintliche Klima-, Kriegs- und Spar-Experten neuerdings so von sich geben...

#biogasanlagen #ukrainekrieg #gassparen #karlsruhegemeinderat"
198	2022-07-26 06:16:39+00:00	kanews	"Das Thema ""Gas sparen"" beschÃ¤ftigt auch den Gemeinderat. Eine MÃ¶glichkeit wÃ¤ren womÃ¶glich Biogasanlagen.  https://t.co/UxMEMY1HJ0
#biogasanlagen #ukrainekrieg #gassparen #karlsruhegemeinderat https://t.co/BEOfBWSwat"
199	2022-07-25 19:03:45+00:00	brandsatz23	Wie lange habt ihr heute geduscht? #gassparen
200	2022-07-25 12:58:59+00:00	phoebedaphne	"Kretschmann: ""Wir haben es alle selbst in der Hand"" - Eigenverantwortung wird beim #Gassparen bestimmt genauso toll funktionieren wie beim #Masken tragen ğŸ¤¦â€â™€ï¸, da bin ich mir sicher. https://t.co/eVwHDeoLhf"
201	2022-07-25 06:30:00+00:00	KSTA	"Im Interview der @dpa erklÃ¤rt PrÃ¤sidentin Ursula von der Leyen, warum #Gassparen aus ihrer Sicht jetzt schon wichtig ist und appelliert an EU-Staaten, die ihren VorschlÃ¤gen kritisch gegenÃ¼berstehen.

https://t.co/0Jh6RPv3IU"
202	2022-07-23 14:38:00+00:00	vznrw_energie	"Die Angst vor #Gasknappheit in Deutschland wÃ¤chst ğŸ˜µ Was Sie Zuhause tun kÃ¶nnen und wie effektiv #Alltagstipps zum #Gassparen sein kÃ¶nnen, zeigt sich am Beispiel unseres Duschrechners  ğŸš¿ â¤µï¸
https://t.co/o1mne5SDNK"
203	2022-07-22 10:13:49+00:00	ZfK_de	"#Sofortprogramm zum #Gassparen ğŸš¨
Rheinland-Pfalz will den #Gasverbrauch im Land um 15 Prozent verringern. Die Landesregierung stellte am Mittwoch ein #Sofortprogramm mit SparmaÃŸnahmen fÃ¼r Landesverwaltung und Kommunen vor. Was denken Sie?

https://t.co/M5nNuBZQDW"
204	2022-07-22 07:26:35+00:00	EuropeTable	"Die Themen heute im Europe.Table: #Gassparen + Energiepartnerschaft mit UK? + Kommission bringt OrbÃ¡n in Not + Britischer Gesetzentwurf zu Nordirland + #EZB erhÃ¶ht Zinsen + Russische IT-Profis + und mehr.

Zur aktuellen Ausgabe: https://t.co/SKurxr0Jq9 https://t.co/6HZF1tJckM"
205	2022-07-21 19:58:36+00:00	MarioQuade	Wenn ich schon wieder hÃ¶re, dass die Menschen nicht lÃ¤nger duschen sollten, wÃ¤hrend man den unnÃ¼tzen Energieverbrauch in der Wirtschaft, besonders in der Werbebranche, unerwÃ¤hnt lÃ¤sst, kommt mir echt langsam die Galle hoch. #Tagesthemen #Gassparen
206	2022-07-21 17:06:17+00:00	mimihochzwei	Die VorschlÃ¤ge zum #gassparen von #Habeck sind ja auch nur lÃ¤cherlich. Da kann man es auch gleich lassen.
207	2022-07-21 11:30:57+00:00	thenausner	"Hallo @krone_at, ihr habt Putin falsch geschrieben.
P-U-T-I-N.

Die Schlagzeile ""Putin will uns zum Dichten panischer und spalterischer Schlagzeilen triggern"" wÃ¤re auch korrekt gewesen.

#Gassparen #Gasnotstand #Gaskrise"
208	2022-07-21 07:40:35+00:00	MaddinDabblJu	Jedes bisschen Gas, dass wir jetzt im Alltag beim Kochen oder Duschen sparen hilft uns durch den Winter zu kommen! #Gassparen #Ukraine
209	2022-07-21 02:50:50+00:00	MravikPal	"#TichysEinblick #Wecker #podcast am 21 07 2022
#Putin: Ã–ffnet #Nordstream2.
#Gas fliesst ab heute wieder durch #Nordstream1.
#Habeck: Keine #Kohle fÃ¼r #Kraftwerke.
#EU-Kommission will Zwang zum #Gassparen.
#BÃ¼rgergeld soll #Hartz4 ersetzen.
 https://t.co/0r02FaOQDT via @YouTube"
210	2022-07-20 14:16:26+00:00	derchotv	Plan der EU-Kommission | #EU-Staaten notfalls zum #Gassparen zwingen: https://t.co/yDHCfHMU45
211	2022-07-20 12:46:39+00:00	merowinng	So ich wollts nur schreiben - hatte heute Thremenwartung - hab nachher den HeiÃŸwasserkessel aufheizen lassen und jetzt ist er wieder ausgeschaltet - bis das HeiÃŸwasser aus - #Gassparen
212	2022-07-20 11:09:28+00:00	ZeMoyra	"@SPIEGEL_EIL @derspiegel ""sollen EU-Staaten nach dem Willen der EuropÃ¤ischen Kommission zum #Gassparen gezwungen werden""

Tausche Gassparen gegen XYZ
Never let a good crisis go to waste."
213	2022-07-20 10:48:23+00:00	Stromschlag2	"ğŸ¥¶Winter is coming und mit ihm der â€Sparzwang fÃ¼r #Gasâ€œ. 
#EU Directors cut! 

#gassparen #gassparzwang"
214	2022-07-20 10:40:37+00:00	SPIEGEL_EIL	"Im Fall eines Gasnotstands sollen EU-Staaten nach dem Willen der EuropÃ¤ischen Kommission zum #Gassparen gezwungen werden kÃ¶nnen. Demnach sollen Reduktionsziele mÃ¶glich sein, wenn freiwillig nicht genug gespart wird.
https://t.co/i0btkyOLMA"
215	2022-07-19 16:36:12+00:00	kanews	"Kein warmes Baden im Winter in Karlsruhes HallenbÃ¤dern.ğŸŠâŒWas haltet ihr davon? https://t.co/VG8zMaupQl
#winfriedkretschmann #gaskrise #gassparen #ukrainekrieg https://t.co/gYPig3DCBO"
216	2022-07-19 12:51:41+00:00	verbandsbuero	"Was Sie schon immer Ã¼ber Energiekosten fÃ¼r VerbÃ¤nde und Vereine wissen wollten!
#gassparen

https://t.co/vPwnej5Eb9"
217	2022-07-18 11:12:08+00:00	wechseljetzt	Klingt erstmal ganz komisch, aber ist wahr! Strom sparen = Gas sparen! #Gasspartipp #Gassparen #Gas #Sparen #Stromsparen #Strom https://t.co/pTmWsgcoim
218	2022-07-18 09:26:08+00:00	BDI_Sprecher	#Gassparen allein reicht aber nicht aus - Bund &amp; LÃ¤nder mÃ¼ssen versprochene Turbogeschwindigkeit ğŸš€im #Erneuerbaren-Ausbau einhalten (3/3).
219	2022-07-18 05:22:45+00:00	achim_albrecht	Also, ich hab das mit der Kaltwasser-Dusche (Gartenschlauch) jetzt mal ein paar Tage versucht. Geht eigentlich. Und bis Oktober werde ich mir ein Fell wachsen lassen #Gassparen https://t.co/29s7gwCPrm
220	2022-07-16 12:49:04+00:00	True_Lies_True	"Sie erinnern sich sicher noch daran, wie sie im Herbst 2005 so frieren mussten, weil sich keiner mehr die Heizung leisten konnte!? 
Nein, Sie erinnern sich nicht?
Ich auch nicht!
Kurios:
Gaspreis damals: 13,92 US$ Gaspreise heute:  6,80 US$ !
#Gaskrise
#Gasnotstand
#gassparen"
221	2022-07-16 08:33:25+00:00	Joe_0_	ğŸ”¥ Da hat uns der pÃ¶se Putin das Gas abgedreht, sagten sie. â›½ï¸#gasstop #Ã¶sterreich #gaskrise #Gasnotstand #gasversorgung #gassparen #gasstop https://t.co/0ZqQvXGbTA
222	2022-07-16 07:12:29+00:00	Stromberg1984	"@DeutschmannTim Wichtig auch Wasserdurchlaufreduzierer fÃ¼r die Dusche, kosten zwischen 5 und 10 Euro und sparen bei tÃ¤glicher Dusche bei 5 Minuten und 50% Reduzierung des Durchflusses pro Person ca. 15.000 Liter Warmwasser im Jahr ein.
#gassparen"
223	2022-07-16 07:09:50+00:00	Stromberg1984	"@DeutschmannTim Bitte auch an Wassersparperlatoren fÃ¼r die WasserhÃ¤hne denken.  Egal ob nur Kalt- oder auch Warmwasser kommt. 
#Gassparen"
224	2022-07-15 18:33:17+00:00	ChFlachsland	"KÃ¶nnen wir jetzt Bitte schnell das mit dem Streckbetrieb &amp; temporÃ¤rem Tempolimit machen einfach um Platz fÃ¼r die wichtigen Debatten zu schaffen?
#Gassparen #SozialerAusgleich #EUGasnachfragekartell #Erneuerbarenturbo

https://t.co/pdtmu5VtXB"
225	2022-07-15 07:24:34+00:00	Elektronews	"BrÃ¼ssel fÃ¤llt vorerst nicht mehr ein, als die Temperatur in den BÃ¼ros zu drosseln und zum #Gassparen aufzurufen. Im Ernstfall wird das nicht reichen.
https://t.co/CLVs9fvr0m"
226	2022-07-15 04:43:40+00:00	Kielia88	Industrie zum #Gassparen, die Reaktivierung umweltschÃ¤dlicher Kohlekraftwerke werden das Problem nicht lÃ¶sen. Die Bundesregierung und die EU sollten ihre Entscheidung in diesem Lichte neu Ã¼berdenken und wirksame Sanktionen entscheiden. Die Bundesregierung handelt m.E. 4/-
227	2022-07-14 10:58:52+00:00	Hauerg	"All den MillionÃ¤ren, die jetzt so locker sagen, soll er halt frieren, der PÃ¶bel, sei gesagt: Es gibt in der Geschichte immer wieder Zeiten, in der es in euren Villen SEEEEEEHR heiÃŸ wird.
Nur damit ihr euch dann nicht wundert.
#Gassparen"
228	2022-07-14 04:03:21+00:00	EUSchwerbehind1	Bundesnetzagentur-PrÃ¤sident ruft zum noch stÃ¤rkeren Gassparen auf / #Behinderung #Inklusion #Deutschland #Hilfe #News #Berlin #Newsroom #Gas #Gassparen #Energie https://t.co/Vybm3WA8jj https://t.co/1u3myH30oT
229	2022-07-13 19:02:25+00:00	AssmusDaniela	Ich sehe immer noch nicht, dass sich die #Industrie bis auf das AbwÃ¤lzen auf die Mitarbeiter sich ebenfalls ernsthafte Gedanken um #Gassparen machen! Dort werden z.T. Milliarden Gewinne eingefahren, aber fÃ¼r die Mitarbeiter bleibt nichts! #SozialeMarktwirtschaft #Gas #Gaskrise
230	2022-07-13 16:14:47+00:00	fundscene	"EU will MitgliedslÃ¤nder zum Gassparen aufrufen
https://t.co/jCyKM8jIlX via @fundscene 
#EU #Gassparen #Gas"
231	2022-07-12 21:30:57+00:00	Heinz_Donath	"""Drohende Gas-Knappheit: Kipping plant Hilfe fÃ¼r in Not geratene BÃ¼rger | rbb24"" https://t.co/CsuYGpaQuz

Die LINKE, Frau #Kipping sollte JETZT schon bekannt geben, in welcher Unterkunft sie denn ab November SOLIDARISCH und VORBILDHAFT #GasSparen wird."
232	2022-07-12 15:14:57+00:00	DeutschmannTim	"Warmes Wasser in der KÃ¼che und im Badezimmer am Waschbecken brauche ich nicht. Ich habe daher schon Anfang des Jahres in der KÃ¼che und im Badezimmer unter dem Waschbecken die Warmwasserzufuhr abgestellt.

#gassparen https://t.co/oCR2OI6wQi"
233	2022-07-12 08:13:30+00:00	GerechtKlima	2/2 Wo das Potenzial zum #Gassparen &amp; #Energiesparen liegt, haben @DIW_Berlin, @DENEFFeV u.a wiederholt aufgezeigt. Die #Ampel muss jetzt entsprechende MaÃŸnahmen verabschieden, nicht erst nach der Sommerpause! #Energieverbrauchrunter #Suffizienz #Effizienz https://t.co/my2spVMHxU
234	2022-07-11 18:44:45+00:00	AssmusDaniela	"Ich hab Ã¼brigens noch keine VorschlÃ¤ge o.Ã¤. zum #Gassparen von der #Industrie gehÃ¶rt. Und dabei sollen sie doch vor den #privatenHaushalten sparen. 
Wobei ich ebenfalls fÃ¼r sofortigen #Gasausstieg wÃ¤re!
#Gasnotstand #Gaskrise"
235	2022-07-11 05:53:21+00:00	UdoSiev	"@ThomasSigmund @handelsblatt Danke fÃ¼r die Versachlichung und Klarstellung dieser Scheindebatteâ€¦

#Duschen #Gassparen 

Bei Interesse gerne unseren #Duschrechner nutzen https://t.co/VDORL9NaUc
@vznrw_energie https://t.co/9pVtpNI5HT"
236	2022-07-11 04:33:08+00:00	Redfox727	@moma #gassparen @ardmoma ich habe Nachbarn, da wird das Gas vom Staat bezahlt. Bei den sind im Winter immer die Fenster den ganzen Tag auf schrÃ¤g auf. Als ich sie angesprochen habe sagten sie, mir egal, ist kostenlos. Und die sparte soll gas sparen? Ich lach mich schlapp
237	2022-07-10 19:50:38+00:00	CFinckelstein	"Zum Thema #Gassparen:
Wir haben den Tag/Nacht-Zyklus umgestellt so dass die Heizung spÃ¤ter warm wird und frÃ¼her am Abend ausgeht. Und wir haben das Heisswasser so umgestellt, dass es tÃ¤glich nur 4 Stunden warm ist, wenn wir normalerweise duschen.
Bin gespannt, was es bringen wird"
238	2022-07-09 10:50:24+00:00	Vendexdo	"#lindershochzeit
WÃ¤hrend sich unser Finanzminister seine Hochzeit durch unsere Steuergelder finanziert, fragt sich der Eine oder Andere, muss ich im Winter heizen oder lieber essen #Gassparen
Gleichzeitig druckt die #EZB weiter Geld ohne Ende, was die Inflation verstÃ¤rken wird.ğŸ‘"
239	2022-07-07 17:17:23+00:00	dnurGsucraM	"#Energiekrise: #Versorgungssicherheit muss erhÃ¶ht werden

Chef der #Bundesnetzagentur fordert #Privathaushalte zum #Gassparen auf

Vll sollten wir die Sau rauslassen und #Gas verbrauchen...bis die Speicher leer sind.

Eventuell gibt es dann ein Umdenken.

https://t.co/CtfLzpPtNz https://t.co/XnMht1VdOo"
240	2022-07-07 11:08:41+00:00	NDRnds	Jeder eingesparte Kubikmeter #Gas helfe, angesichts der unsicheren Belieferungsaussichten die Versorgungssicherheit in Deutschland zu erhÃ¶hen, so MÃ¼ller. Mehr dazu: https://t.co/dmVTCyb7KY #Gassparen #Energiesparen https://t.co/LM99xOzlXJ
241	2022-07-06 22:35:53+00:00	_walt_1	"@derspiegel @BMWK
#gas
#gassparen
#Habeck

StÃ¤ndige HeiÃŸwasser-Zirkulation in HÃ¤usern ist reine Energieverschwendung.
Ab 2001 haben Energie-Lobbyisten ""Vorschriften"" durchgesetzt, die nur scheinbar die Hygiene verbessern. 
In Wirklichkeit wird das Trinkwasser/Kaltwasser sogar verschlechtert."
242	2022-07-06 09:03:51+00:00	SoPaedGedoens	"Werden ""wir"" das mit den #Luftfiltern flÃ¤chendeckend in deutschen #Schulen &amp; #KiTas fÃ¼r den #CoronaHerbst &amp; #CoronaWinter rechtzeitig vor Beginn der Heizperiode hinkriegen (wg. #Gasversorgung, #GasSparen)?

Wie Sie sehen, gibt es, wider den allgemeinen Tenor, doch dumme Fragen!"
243	2022-07-06 06:32:01+00:00	OHN_Infoportal	"FrÃ¼her Vogel: ğŸ¦   

â–ª #Henkel: #Homeoffice zum #Gassparen ğŸ 

â–ª Kampagne: @eBay wirbt fÃ¼r lokalen Handel ğŸ›

â–ª Standort-Abbau: #Commerzbank macht zahlreiche Filialen dicht âŒ

ğŸ‘‰ https://t.co/PH0IoJ1oi4

@eBayDE #Ecommerce https://t.co/ouNd3ZdFxe"
244	2022-07-05 11:05:57+00:00	suse1603	"#Gassparen: Was JEDER auch  heute schon tun kann 
ğŸ”¥Nicht erst den Herbst abwarten sondern Jetzt . 
Wertvolle Tipps und Vorbereitungen der LÃ¤nder und Kommunen.    

https://t.co/nC46W7ix5z"
245	2022-07-05 07:36:10+00:00	DMBMieterbund	Klare Empfehlung fÃ¼r dieses online-Seminar der @vznrw_energie am Mittwoch, 6. Juli um 18.00 Uhr zum Thema #Gassparen
246	2022-07-05 05:51:14+00:00	Der2Lanzelot	"Bevor meine Wohnung im Winter kalt wird, spare ich erstmal  die  #GEZ GebÃ¼hr 

Der Ã–R #ARD und #ZDF wird sich sicher solidarisch zeigen und VerstÃ¤ndnis aufbringen , oder ?

#Gasversorgung #gassparen"
247	2022-07-04 20:35:12+00:00	bridget_ist	Kann es sein, dass die gleichen GreenhÃ¶rner. die mit Pullis #gassparen wollen auch geglaubt haben, dass sie mit ein paar Wochen Sofa und ChipstÃ¼te als Coronahelden in die Geschichte eingehen wÃ¼rden?
248	2022-07-04 16:22:21+00:00	AlemanHeimat	"Dummdeutschland in seiner vollen BlÃ¼te.
Bitte alle VoschlÃ¤ge lesen.
https://t.co/rayrrLr81X
#Gassparen"
249	2022-07-04 16:02:48+00:00	tagesschau	Marktbericht: DAX allein zu Haus https://t.co/lHyMq2FK5I #Marktbericht #BÃ¶rse #DAX #DowJones #Rezession #BMW #VW #Henkel #Gassparen #Tesla
250	2022-07-04 14:20:52+00:00	tagesschau	Marktbericht: DAX kommt nicht vom Fleck https://t.co/lHyMq2FK5I #Marktbericht #BÃ¶rse #DAX #DowJones #Rezession #BMW #VW #Henkel #Gassparen
251	2022-07-04 13:50:59+00:00	UdoSiev	"Gerne weitersagen:

#Energiesparen fÃ¼r Mieter:innen - was ist mÃ¶glich. 

30 min Online-Seminar @vznrw_energie am 06.07. um 18:00 

https://t.co/AcN8BjNCkl

#Gassparen @vznrw @VdWRW @HausundGrundRW @Mieterbund_Bonn @Mieterbund_NRW @MieterBO @mieterverein_do @mieter https://t.co/Pp63ybKYCt"
252	2022-07-04 10:46:33+00:00	tagesschau	Marktbericht: Lehman-Moment fÃ¼r den DAX? https://t.co/lHyMq2FK5I #Marktbericht #BÃ¶rse #DAX #DowJones #Rezession #BMW #VW #Henkel #Gassparen
253	2022-07-03 23:56:53+00:00	Axel_F_berg	"Die nÃ¤chste Pandemie wird die der Legionellen sein!
#GasSparen #WarmWasserAus"
254	2022-07-03 10:17:02+00:00	feuertinte	Henkels Plan fÃ¼r den Herbst: ZurÃ¼ck ins #Homeoffice zum Gas-Sparen. Ist das auch das Schicksal der Stadtverwaltung? #Gassparen https://t.co/emkwxiT5TQ
255	2022-07-03 08:43:45+00:00	HansTheGerman	"Wenn wir sofortiges Handeln zum #Gassparen brauchen, dann mÃ¼ssen heute alle HÃ¼rden abgeschafft werden, die #Photovoltaik noch behindern!
PV-Anlage ohne Anmeldung? Ist das MÃ¶glich? Macht das Sinn? Was ist erlaubt? Hier eine Ãœbersicht
https://t.co/SwBuXQISZl"
256	2022-07-02 19:07:20+00:00	zeitportal	"KÃ¶nnen bitte alle Restaurants in DE nur noch kaltes Wasser zum HÃ¤nde waschen auf den Toiletten zur VerfÃ¼gung stellen? 
Wir mÃ¼ssen #GasSparen!
#Gaslieferungen"
257	2022-07-02 18:05:35+00:00	JanPhi0511HD	"Weil die deutsche Politik zu dÃ¤mlich ist, sollen alle Menschen (mal wieder) einen ""kleinen Beitrag"" leisten. 

#Gaslieferungen #GasSparen #Gaskrise #Gaspreise"
258	2022-07-02 14:56:47+00:00	MartnMrwka	"Bald geht Deutschland das #Gas aus, #Bundesnetzagentur und andere rufen Verbraucher zum #Gassparen auf. 
Vielleicht werden die Warmduscher durch die Warnung von #Bier-Brauer #Veltins einsichtig und sparen JETZT Gas... Im Winter is zu spÃ¤t.
https://t.co/oGZxKVqV5u"
259	2022-07-02 06:28:54+00:00	hanshase007	"""Henkel erwÃ¤gt mehr Homeoffice zum #Gassparen""

Damit #Henkel die BÃ¼ros nicht mehr selber heizen muss und viel Geld spart? 

Lieber sollen die Angestellten von zu Hause arbeiten und die #Heizung aufdrehen und dafÃ¼r selber zahlen... um fÃ¼r die Firma im warmen arbeiten zu dÃ¼rfen?"
260	2022-07-02 05:44:26+00:00	DerEntspannende	"Der Konzern Henkel fÃ¼hrt wieder #HomeOffice ein. Nicht aufgrund #Corona oder #WorkLifeIntegration (was IMHO beides auch richtig wÃ¤re), sondern zum #Gassparen:

https://t.co/IpnV76vYXn https://t.co/BErz9hBrRG"
261	2022-07-02 04:58:29+00:00	der_artk	"Bin Ã¼berrascht, wie toll sich duschen unter komplett kaltem Wasser anfÃ¼hlt. Ok im ersten Moment ne kleine Ãœberwindung. Dann geht es aber und insbesondere danach ist dad einfach himmlisch!
#kaltdusche #gassparen
https://t.co/rLylvoGhDg"
262	2022-07-01 14:17:40+00:00	gruenfraktionKA	"Die GrÃ¼nen-Fraktion fordert eine Karlsruher Kampagne zur Einsparung von Erdgas in privaten Haushalten und in Unternehmen.
#gassparen #Gruene #Karlsruhe https://t.co/O6CYPJeUOl"
263	2022-07-01 13:34:53+00:00	UdoSiev	"@Westpol @MonaNeubaur So wichtig! Tipps zum #Energiesparen #Gassparen gibts hier... https://t.co/5eMBDx75vy

@vznrw_energie @vznrw"
264	2022-06-30 20:54:08+00:00	Mhuse8	"Ich will #Energiesparen #Gassparen - wegen CO2, wegen Putin, wegen der Jobs im kommenden Winter... aus 100 GrÃ¼nden. 
Und ich werde immer ehrgeiziger ğŸ‘€
Geht euch das auch so? Was macht ihr?"
265	2022-06-30 17:23:23+00:00	belman_raika	"@tazgezwitscher Albern! Was ist so schlimm daran, seine Gewohnheiten ein wenig von dem Ãœberfluss wegzubewegen, in dem wir mit schlechtem Gewissen seit einiger Zeit leben?
#Duschen #Klimaschutz #Gassparen #Stromsparen"
266	2022-06-30 04:58:56+00:00	watwulltdu	"@GerderGerdersen Im Winter bleibt zu Hause die Heizung aus und ich werde den ganzen Tag in Ã–PNV sitzen, um mich aufzuwÃ¤rmen. Mein Beitrag zum Energiesparen.Bis Chrissie Lindner mich persÃ¶nlich raustrÃ¤gt, so geht's ja nicht...
#9EuroTicket 
#Ã–PNV
#GasSparen
#DerNÃ¤chsteWinterKommtBestimmt"
267	2022-06-27 07:24:07+00:00	KSchmieder	Servicetweet: Ich habe meine Abschlagszahlung fÃ¼r Gas (online) angehoben und empfehle Dir  es auch zu tun. ğŸ™‹â€â™€ï¸ Da kommen BetrÃ¤ge zusammen, die werden nach der Endabrechnung im Januar 2023 fÃ¼r viele kaum zu schaffen sein. ğŸ˜³#Gaspreis #Stadtwerke #Gassparen  https://t.co/hld136JRHB
268	2022-06-26 21:37:29+00:00	hilbig_reiner	Momentan lÃ¤uft #gassparen Liebe Leute, bitte fummelt nicht selbst an eure Anlagen rum,zB Warmwasser unter 50C drÃ¼cken. Wer sparen will, sollte seine Zirkulationspumpe deaktivieren oder zusehen das er WW von der Heizung getrennt laufen lÃ¤sst. Solche Speicher kosten 900-1200â‚¬ 1/
269	2022-06-26 21:00:19+00:00	KlausWiener	Legionellen sind bei herkÃ¶mmlichen Anlagen ein Problem; da sind 60 Grad zwingend. Wir haben seit Jahren eine #Frischwasserstation. Die nutzt die WÃ¤rme aus der Solarthermie genau dann, wenn wir warmes Wasser brauchen. #Gasverbrauch gleich null, den ganzen Sommer. #gassparen https://t.co/TQkrJdKqAh
270	2022-06-26 17:17:37+00:00	KaRi57453570	"Samstag kommt mein neuer, gebrauchter Elektroherd und der arme, alte Gasherd geht in Pension.
#GasSparen"
271	2022-06-26 08:08:05+00:00	AlbersHeinemann	In vielen BeitrÃ¤gen hier geht es um #gassparen und viele Menschen senken stolz ihre Warmwassertemperatur auf 40-45 Grad. Ja, ist warm genug und Milliarden von Legionellen klicken den Like-Button!
272	2022-06-25 07:06:34+00:00	wemeze	Bundeswirtschaftsminister #roberthabeck (GrÃ¼ne) lehnt finanzielle staatliche Anreize fÃ¼rs #Gassparen ab. ğŸ‘‡ https://t.co/rJOShtx1mT
273	2022-06-24 18:41:04+00:00	CheGuevara_1961	"Der Ansatz von #Habeck ist goldrichtig. Wir kÃ¶nnen nicht ewig anfÃ¼ttern - mit #Gassparen etc.. 

Unser Staats-Etat neigt sich nach vielen Krisen. Die BRD muss handlungsfÃ¤hig bleiben."
274	2022-06-24 14:36:32+00:00	UdoSiev	"Blumenwiese und Ferienbeginn passen so gar nicht zur #Gaskrise. Umso wichtiger Ã¼ber #Alarmstufe #Energiesparen #Gassparen zu informieren. Der Winter kann hart und teuer werden.

@vznrw_energie @vznrw https://t.co/KMmpLGr6ty"
275	2022-06-24 14:31:42+00:00	derMadzinger	"#Scholz ruft zum #Gassparen auf?
Nun ja, noch mehr sparen geht nur indem  ich selber Produziere!
.....
Wobei https://t.co/7igI1hPLBW"
276	2022-06-24 14:09:27+00:00	EE_Fakten	"Wie konnte es trotz der Aufrufe zum #Gassparen zu einem Mai-Rekord der Stromerzeugung aus Gas in D kommen?
AusfÃ¼hrliche Recherche von Focus mit vielen Aussagen und Grafiken von @energy_charts_d. Die Kohle-KW hÃ¤tten KapazitÃ¤t und Brennstoff gehabt. https://t.co/6BBrGQU58F"
277	2022-06-24 13:36:54+00:00	ardeche05	#Solidaritaet kann man nicht kaufen. Entweder man handelt solidarisch oder ist ein Depp. #Habeck #Gaspreise #Gasversorgung #Gassparen
278	2022-06-24 08:55:33+00:00	Otto_Henning	@Holefleisch An der Mischbatterie Warmwasser abgestellt. Holzofen fÃ¼r den Herbst bestellt #Gassparen
279	2022-06-24 07:01:08+00:00	UdoSiev	"In 10 Sek #tagesschau #tagesthemen lassen sich nur wenige Tipps zum #Energiesparen unterbringen. 

Daher hier der Link zu #Energiespartipps #Gassparen #Alarmstufe 

https://t.co/5eMBDx75vy

@vznrw_energie @vznrw @vzbv_eteam @vzbv @UmweltNRW @KlimaschutzNRW @Klaus_Mueller https://t.co/d3LdsNgUa8"
280	2022-06-23 21:21:04+00:00	JLessat	"""Hei, die kriegst Du nicht, Alter!"" Robert #Habeck, auf die Frage von Marietta #Slomka im @heutejournal, ob es finanzielle Anreize zum #Gassparen geben sollte. Hohe Preise seien Anreiz genug, und es sei auch nicht i.O., wenn man nur mithelfe, wenn's 50 â‚¬ gebe, so Habeck. https://t.co/aaFgvDMZmw"
281	2022-06-23 15:59:05+00:00	swb_online	"Die #Bundesregierung hat heute die Stufe 2 des #NotfallplanGas ausgerufen, die #Alarmstufe. Die #Gasversorgung bleibt weiterhin sichergestellt. Jetzt heiÃŸt es: #SolidaritÃ¤t zeigen und da, wo es geht, #Gassparen. 

Mehr Infos dazu: https://t.co/5zGQvjED9D https://t.co/XS5Ar2Rrof"
282	2022-06-23 15:28:36+00:00	ginnyshiel	GeschÃ¤fte und Firmen sollten nachts mÃ¶glichst alle Beleuchtungen ausschalten um Strom (Gas) zu sparen. Das ist nicht wirklich wichtig...                                                #Notfallplan #notfallplan #stromsparen #Gasversorgung #gassparen
283	2022-06-23 10:04:17+00:00	Holefleisch	"Gas sparen im Alltag. 
1. Ich regel die Warmwassertemperatur (Badezimmer&amp;KÃ¼che) runter.

Was sind eure Tipps? 
#GasSparen #FÃ¼rDieFreiheit"
284	2022-06-23 09:58:53+00:00	d_le_nen	"Mit 6 1/2 l WW geduscht, vorlÃ¤ufiger persÃ¶nlicher Rekord.
~~ 0.18 kWh wenn ich nicht irre.
#gassparen"
285	2022-06-21 07:34:39+00:00	SilberAnus	@C_Schymura In der Plastikwanne duschen und damit dann das Klo spÃ¼len - das hilft auch #Gassparen!
286	2022-06-21 05:54:10+00:00	justmy04cents	@TineMaschine Bin heute morgen extra langsam zur Arbeit gefahren #Gassparen
287	2022-06-21 04:43:25+00:00	Moobby1	"Wann kommt endlich die Abwrack-PrÃ¤mie fÃ¼r Gasheizungen @Bundeskanzler @klara_geywitz ??
#Gasversorgung #Gassparen https://t.co/DiEC8MnZ6R"
288	2022-06-20 20:43:22+00:00	frederic2406	"Wieder so ein Test. Ein Team macht immer alles falsch und das andere nicht.
FÃ¼r wie blÃ¶de halten die uns.
Aber es ist geil zu sehen was der Sprit kostet und wer sinnlos Motor laufen lÃ¤sst hat genug Geld.
#benzin #Gassparen #Klimawandel #extraMagazin"
289	2022-06-20 19:01:04+00:00	Watchdo0	"@derliebeMichi Ganz wichtiger Service-Tweet des @StMGP_Bayern und seines Ministers @klausholetschek .
So wie #Impfung , #Klima , #Gassparen oder StandwithUkraine ğŸ¤”"
290	2022-06-20 15:20:00+00:00	sat1regional	"Bundeswirtschaftsminister Robert #Habeck hat wegen der reduzierten #Gaslieferungen aus #Russland zum #Gassparen aufgerufen. AuÃŸerdem soll wieder vermehrt auf #Kohlekraft gesetzt werden. #Kohlekraftwerke

https://t.co/ZA9wyTuphN"
291	2022-06-20 11:49:36+00:00	juergen_p	"#Gasverbrauch: Verbraucherzentrale warnt vor â€bÃ¶sem Erwachen"" im Winter â€“ und rÃ¤t zum #Gassparen
https://t.co/mh583g05BU"
292	2022-06-20 08:05:25+00:00	LarsderIMI	Ich steige im Labor jetzt auf StreichhÃ¶lzer um. Mein Beitrag zum #Gassparen .
293	2022-06-20 04:22:00+00:00	HellaJohn1	"#Gasverbrauch : #Verbraucherzentrale warnt vor â€bÃ¶sem #Erwachen"" im #Winter â€“ und rÃ¤t zum #Gassparen https://t.co/Ovkw2Sq79o"
294	2022-06-16 15:32:53+00:00	HansTheGerman	"@BMWK Wenn wir sofortiges Handeln zum #Gassparen brauchen, dann mÃ¼ssen jetzt alle HÃ¼rden abgeschafft werden, die #Photovoltaik noch behindern kÃ¶nnten!
Am Einfachsten wÃ¤re doch, jeder Private kÃ¶nnte #Module +#Speicher +#WÃ¤rmepumpe einbauen, ohne jede BÃ¼rokratie +damit sofort heizen!"
295	2022-06-16 13:10:27+00:00	ZamekPhilipp	"Putins letzter Strohhalm,sein letztes Druckmittel.Wie erbÃ¤rmlich!
Das ist das Signal, das er ""mit'm Arsch an der Wand steht"".Ein letztes ""aufbÃ¤umen""! ğŸ¤£
An ALLE #EuropÃ¤er
AB HEUTE #gasSPAREN!
Soll der GrÃ¶ÃŸenwahnsinnige sich sein Gas mit Åawrow reinziehen!
https://t.co/Gp2EimO461"
296	2022-05-18 05:29:54+00:00	netzbrummen	Heizschwammerln, die mit Gas betrueben werden, sollten im Herbst verboten werden #gassparen #luxus
297	2022-05-16 07:36:45+00:00	wechseljetzt	Brrr, ein weiterer Gasspartipp fÃ¼r Euch bei dem Ihr nicht nur Gas spart, sondern auch morgens schneller wach werdet! #Gassparen #Gas #Gasspartipp #Kalt #Wasser #kaltesWasser #Morgens #duschen #zÃ¤hneputzen #rasieren #wachwerden https://t.co/8ub0BKKmBy
298	2022-05-12 19:11:49+00:00	MFZelinger	"Mal einer, der es ausspricht:
Eine der Konsequenzen des russischen Krieges muss #Energiesparen sein!

#Gassparen
#Energieeffizienz"
299	2022-05-12 19:01:19+00:00	MFZelinger	@OlafLies @ndr Dann sollte #Gassparen hier trenden.
300	2022-05-12 18:14:24+00:00	SachMatz	"Warum trendet eigentlich #Gassparen nicht?
WÃ¤re doch besser als wenn im Winter #Arbeitslosigkeit in die Tops kÃ¤me."
301	2022-05-08 07:50:55+00:00	goldthau	"Absolut der richtige Weg. @KarstenNeuhoff und ich hatten zu #Gassparen auch bereits ein paar Ideen:
â¡ï¸ zielorientierter Kommunikation &amp; niedrigschwellige Anreize fÃ¼r VerhaltensÃ¤nderungen
â¡ï¸ Industrie fÃ¼r Gaseinsparungen bezahlen
â¡ï¸ europÃ¤ische Koordination
https://t.co/958ThuTNaa"
302	2022-05-06 07:29:24+00:00	DIW_Berlin	DIW-Forscher @KarstenNeuhoff und @goldthau (@unierfurt ) zeigen auf, wieso mehr Augenmerk auf #Gassparen in der Industrie und privaten Haushalten gelegt werden sollte â€“ und welche Anreize aus der Politik helfen kÃ¶nnten.
303	2022-05-05 09:53:18+00:00	KarstenNeuhoff	Die wichtigste Antwort auf die #Gas Krise - #Gassparen - sollte ins Zentrum der deutschen und EU Politik. Wieso und wie: Gastbeitrag mit @goldthau  https://t.co/5azf8I2NOb
304	2022-05-05 04:52:23+00:00	denkansatz_2607	"So frÃ¼h erstmal #Nachrichten angucken. 

""#Privathaushalte sollen #gassparen""

Hmm als ob private bisher nur so zum SpaÃŸ Gas verbraucht haben. Ich kenne niemanden mit tropischen Zimmertemperaturen im Winter

Ausser bei uns wenn die kleine am HeizkÃ¶rper spielt. So ein #PutinTroll"
305	2022-05-04 13:00:00+00:00	wechseljetzt	"Mit einfachen Tipps und Tricks Gas sparen und Kosten senken!
#wechseljetzt #gassparen https://t.co/OHFrNYMzSQ"
306	2022-05-01 13:55:47+00:00	DawaiDawai3	Hr. MÃ¼ller von der #Bundesnetzagentur hat da so Ideen, wie GehirnwÃ¤sche zum #Gassparen (fÃ¼r die kleinen Leute) funktionieren kÃ¶nnte: Kampagne mit Campino oder Helene Fischer. ğŸ¤ª https://t.co/rgoSJSx2TL
307	2022-04-27 20:19:30+00:00	PuentKohoff	Habe heute einen WÃ¤schestÃ¤nder gekauft. Und die Heizung bleibt aus. #Klimawandel #Stromsparen #Gassparen #putinskrieg #kuscheldeckestattgas
308	2022-04-23 14:16:30+00:00	HamannOcke	"In den letzten Tagen haben sich unsere Gasspeicher wieder gefÃ¼llt. Aber das reicht noch lange nicht. Am Montag erreichen wir vermutlich FÃ¼llstand 1/3 
#Gassparen #Heizungrunter
#kaltduschen ğŸ¥¶"
309	2022-04-21 16:01:48+00:00	RalphHerzog1	"Solange fÃ¼r diese TÃ¤tigkeiten noch Gas da ist, mÃ¼ssen wir uns keine Sorgen machen  :/
#gasversorgung #gassparen #unnÃ¶tig #Dresden https://t.co/bKoN4VrS29"
310	2022-04-18 08:06:00+00:00	wechseljetzt	Gas sparen war noch nie so wichtig und notwendig wie heute. Kochen Sie mit Topfdeckel und verkleinern Sie Ihre Gasrechnung! ğŸ”ŒğŸ¤œ #wechseljetzt #gassparen #kochen https://t.co/s6V3zWvDab
311	2022-04-02 16:54:19+00:00	HansTheGerman	"@GoeringEckardt @Die_Gruenen Wenn wir sofortiges Handeln zum #Gassparen brauchen, dann mÃ¼ssen heute alle HÃ¼rden abgeschafft werden, die #Photovoltaik noch behindern!
Am Einfachsten wÃ¤re doch, jeder Private kann #Module +#Speicher +#WÃ¤rmepumpe einbauen, ohne jede BÃ¼rokratie +GÃ¤ngelei +damit sofort heizen!"
312	2022-04-02 07:00:12+00:00	LEA_Hessen	"Hessischer Wirtschaftsminister  @talwazir ruft zum Gas-Sparen auf ğŸ”ŒğŸ’¸
Wir geben daher Tipps zu Gassparen â€“ und zeigen, wie auch Strom sparen jetzt hilft. 

â¡ï¸https://t.co/gKo4ONdWzh

#energiesparen #gassparen #energiesparen #gassparen 
@WirtschaftHE https://t.co/L3WOMHgRAy"
313	2022-04-01 12:01:00+00:00	MainVerlag	"â€Ich appelliere an alle BÃ¼rgerinnen und BÃ¼rger in #Hessen, Gas einzusparen. Das Ziel muss sein, mÃ¶gliche EngpÃ¤sse zu vermeidenâ€œ, so Tarek Al-Wazir, hessischer Wirtschafts- und Energieminister. #Gassparen
https://t.co/kC9FieNHQW"
314	2022-03-31 19:33:56+00:00	manfred46494518	#Gassparen #Habeck. Leere ğŸ‡©ğŸ‡ª#Gasspeicher und unsichere Liefertreue #Russlands. Statt #Gas zu sparen, die Speicher zu fÃ¼llen, werden seit Wochen ca 40 Mio m3 Gas am Tag fÃ¼r Strom verfeuert-entspricht annualisert 16% des ğŸ‡©ğŸ‡ª Gasverbrauchs. Regiert wer?  #faznet #sz #handelsblatt https://t.co/vy3qqsd2z6
315	2022-03-31 13:12:37+00:00	ToBs2306	@Markus_Soeder 5 Grad AuÃŸentemperatur, Fenster weit auf, Heizung auf Max. So sieht der Schulalltag aus ... #gaspreise #gassparen
316	2022-03-31 13:06:55+00:00	MonikaSchnitzer	"Mein HÃ¶rfunk-Interview mit https://t.co/RslXjn5AE5 heute: 
â€Ich gehe davon aus, dass der ğŸ‡ºğŸ‡¦-Krieg die ğŸ‡©ğŸ‡ª Wirtschaft massiv belasten wird - und damit auch die Verbraucher.â€œ Im BR24 warne ich unter anderem vor einem Lieferstopp von russischem Gas. #GasSparen https://t.co/HBGJxPBnYf"
317	2022-03-30 12:02:32+00:00	vznrw	Mit kleinen VerÃ¤nderungen beim Duschen, Heizen und Stromverbrauch kÃ¶nnen alle beim #Gassparen helfen. DenkanstÃ¶ÃŸe in der #FrÃ¼hwarnstufe des #NotfallplanGas: https://t.co/XHBCAUnq4i
318	2022-03-30 10:14:31+00:00	HansTheGerman	"@BMWK Wenn wir sofortiges Handeln zum #Gassparen brauchen, dann mÃ¼ssen jetzt alle HÃ¼rden abgeschafft werden, die #Photovoltaik noch behindern kÃ¶nnten!
Am Einfachsten wÃ¤re doch, jeder Private kÃ¶nnte #Module +#Speicher +#WÃ¤rmepumpe einbauen, ohne jede BÃ¼rokratie +damit sofort heizen!"
319	2022-03-30 09:38:52+00:00	HansTheGerman	"@Klaus_Mueller @BMWK @bnetza Wenn wir sofortiges Handeln zum #Gassparen brauchen, dann mÃ¼ssen heute alle HÃ¼rden abgeschafft werden, die #Photovoltaik noch behindern!
Am Einfachsten wÃ¤re doch, jeder Private kann #Module +#Speicher +#WÃ¤rmepumpe einbauen, ohne jede BÃ¼rokratie +GÃ¤ngelei +damit jetzt heizen! #EU"
320	2022-03-25 11:02:33+00:00	HansTheGerman	"@LinksFilter @motikat Wenn wir sofortiges Handeln zum #Gassparen brauchen, dann mÃ¼ssen heute alle HÃ¼rden abgeschafft werden, die #Photovoltaik noch behindern!
Am Einfachsten wÃ¤re doch, jeder Private kann #Module +#Speicher +#WÃ¤rmepumpe einbauen, ohne jede BÃ¼rokratie +GÃ¤ngelei +damit jetzt heizen! #EU"
321	2022-03-24 11:25:28+00:00	TLanyi	@MarcoBuschmann Je frÃ¼her wir mit dem #Spritsparen und #Gassparen anfangen, umso besser! #Tempolimit und #EnergieBoykott jetzt!
322	2022-03-23 11:09:42+00:00	HansTheGerman	"@Bundeskanzler Wenn wir sofortiges Handeln zum #Gassparen brauchen, dann mÃ¼ssen heute alle HÃ¼rden abgeschafft werden, die #Photovoltaik noch behindern!
Am Einfachsten wÃ¤re doch, jeder Private kann #Module +#Speicher +#WÃ¤rmepumpe einbauen, ohne jede BÃ¼rokratie +GÃ¤ngelei +damit sofort heizen!"
323	2022-03-21 20:28:49+00:00	HansTheGerman	"@Naturschuetzen @M_Hundhausen Wenn wir sofortiges Handeln zum #Gassparen brauchen, dann mÃ¼ssen jetzt alle HÃ¼rden abgeschafft werden, die #Photovoltaik noch behindern kÃ¶nnten!
Am Einfachsten wÃ¤re doch, jeder Private kÃ¶nnte #Module +#Speicher +#WÃ¤rmepumpe einbauen, ohne jede BÃ¼rokratie +damit sofort heizen!"
324	2022-03-21 16:45:50+00:00	HansTheGerman	"@MKreutzfeldt Wenn wir sofortiges Handeln zum #Gassparen brauchen, dann mÃ¼ssen heute alle HÃ¼rden abgeschafft werden, die #Photovoltaik noch behindern!
Am Einfachsten wÃ¤re doch, jeder Private kann #Module +#Speicher +#WÃ¤rmepumpe einbauen, ohne jede BÃ¼rokratie +GÃ¤ngelei +damit jetzt heizen! #EU"
325	2022-03-20 22:16:38+00:00	undine_c	"@Educators4F Ja, scheint so. Aber das Zauberwort ist #GasSparen.
Ich warte auf die #challanges und entsprechenden Apps dazu... genauso wie auf die #Kampagnen zum Thema. Damit alle wissen, wie sie mitmachen kÃ¶nnen.
#Asap bitte."
326	2022-03-19 10:54:56+00:00	HansTheGerman	"@ABaerbock Wenn wir sofortiges Handeln zum #Gassparen brauchen, dann mÃ¼ssen heute alle HÃ¼rden abgeschafft werden, die #Photovoltaik noch behindern!
Am Einfachsten wÃ¤re doch, jeder Private kann #Module +#Speicher +#WÃ¤rmepumpe einbauen, ohne jede BÃ¼rokratie +GÃ¤ngelei +damit jetzt heizen! #EU"
327	2022-03-15 08:37:12+00:00	HansTheGerman	"@VQuaschning Wenn wir sofortiges Handeln zum #Gassparen brauchen, dann mÃ¼ssen heute alle HÃ¼rden abgeschafft werden, die #Photovoltaik noch behindern!
Am Einfachsten wÃ¤re doch, jeder Private kann #Module +#Speicher +#WÃ¤rmepumpe einbauen, ohne jede BÃ¼rokratie +GÃ¤ngelei +damit jetzt heizen! #EU"
328	2022-03-14 11:50:11+00:00	HansTheGerman	"Wenn wir sofortiges Handeln zum #Gassparen brauchen, dann mÃ¼ssen heute alle HÃ¼rden abgeschafft werden, die #Photovoltaik noch behindern!
Am Einfachsten wÃ¤re doch, jeder Private kann #Module +#Speicher +#WÃ¤rmepumpe einbauen, ohne jede BÃ¼rokratie +GÃ¤ngelei +damit jetzt heizen! #EU"
329	2022-03-13 20:17:30+00:00	HansTheGerman	@M_Hundhausen @HolzheuStefan @AkkuDoktor Nachmachen: Habe um 8Uhr die Gasheizung aus gemacht +spare dadurch ca50% Gas ein. Heize das Haus tagsÃ¼ber nur noch in den RÃ¤umen mit der Klimaanlage oder InfrarotflÃ¤chen auf, wo wir uns aufhalten. Den Strom erzeugen wir mit #Photovoltaik. Geht auch mit nur 2 PV-Zellen #Gassparen
330	2022-03-13 20:03:12+00:00	HansTheGerman	"@ZDFheute Wenn wir sofortiges Handeln zum #Gassparen brauchen, dann mÃ¼ssen heute alle HÃ¼rden abgeschafft werden, die #Photovoltaik noch behindern!
Am Einfachsten wÃ¤re doch, jeder Private kann #Module +#Speicher +#WÃ¤rmepumpe einbauen, ohne jede BÃ¼rokratie +GÃ¤ngelei +damit jetzt heizen! #EU"
331	2022-03-12 08:54:05+00:00	HansTheGerman	"@electrodocs Gerade bei tief stehender Sonne bringt eine Balkon-, Fassaden- PV-Anlage relativ viel, weil der Einfallwinkel auf die Module besser ist, als zB bei einer Anlage auf dem Dach! Auch kann Schnee die Leistung nicht tagelang behindern.
Bezahlbar ist eine #MiniPV fÃ¼r Viele #GasSparen"
332	2022-03-11 21:47:34+00:00	HansTheGerman	"@katahuth @AnnikaJoeres @GesaSteeger Wenn wir sofortiges Handeln zum #Gassparen brauchen, dann mÃ¼ssen jetzt alle HÃ¼rden abgeschafft werden, die #Photovoltaik noch behindern kÃ¶nnten!
Am Einfachsten wÃ¤re doch, jeder Private kÃ¶nnte #Module +#Speicher +#WÃ¤rmepumpe einbauen, ohne jede BÃ¼rokratie +damit sofort heizen!"
333	2022-03-11 08:50:23+00:00	HansTheGerman	"@n_roettgen Wenn wir schnelltes Handeln zum #Gassparen brauchen, dann mÃ¼ssen heute alle HÃ¼rden abgeschafft werden, die #Photovoltaik noch behindern!
Am Einfachsten wÃ¤re doch, jeder Private kann #Module +#Speicher +#WÃ¤rmepumpe einbauen, ohne jede BÃ¼rokratie +GÃ¤ngelei +damit jetzt heizen! #EU"
334	2022-03-10 21:13:25+00:00	HansTheGerman	"@Umweltbundesamt Wenn wir sofortiges Handeln zum #Gassparen brauchen, dann mÃ¼ssen heute alle HÃ¼rden abgeschafft werden, die #Photovoltaik noch behindern!
Am Einfachsten wÃ¤re doch, jeder Private kann #Module +#Speicher +#WÃ¤rmepumpe einbauen, ohne jede BÃ¼rokratie +GÃ¤ngelei +damit jetzt heizen! #EU"
335	2022-03-10 10:29:29+00:00	HansTheGerman	"Wenn wir sofortiges Handeln zum #Gassparen brauchen, dann mÃ¼ssen heute alle HÃ¼rden abgeschafft werden, die #Photovoltaik noch behindern!
PV-Anlage ohne Anmeldung? Ist das MÃ¶glich? Macht das Sinn? Was ist erlaubt? Hier eine Ãœbersicht
https://t.co/SwBuXQISZl"
336	2022-03-10 09:40:40+00:00	HansTheGerman	"Und noch ein Erfahrungsbericht: 
#Infrarotheizung meine Erfahrungen nach 4 Jahren mit Infrarot Spiegelheizung Test
Aber am Besten nur in Verbindung mit PV-Zellen - schon 2-3 Zellen kÃ¶nnen genÃ¼gen
https://t.co/nf7tjIHyXE #GasSparen #Putin #BlutGas"
337	2022-03-10 07:22:41+00:00	HansTheGerman	Nachmachen: Habe um 8Uhr die Gasheizung aus gemacht +spare dadurch ca50% Gas ein. Heize das Haus tagsÃ¼ber nur noch in den RÃ¤umen mit der Klimaanlage oder InfrarotflÃ¤chen auf, wo wir uns aufhalten. Den Strom erzeugen wir mit #Photovoltaik. Geht auch mit nur 2 PV-Zellen #Gassparen
338	2022-03-09 18:02:44+00:00	HansTheGerman	"@phoenix_de @ulrichspeck @CDU @cducsubt @_FriedrichMerz Wenn wir sofortiges Handeln zum #Gassparen brauchen, dann mÃ¼ssen heute alle HÃ¼rden abgeschafft werden, die #Photovoltaik noch behindern!
Am Einfachsten wÃ¤re doch, jeder Private kann #Module +#Speicher +#WÃ¤rmepumpe einbauen, ohne jede BÃ¼rokratie +GÃ¤ngelei +damit jetzt heizen! #EU"
339	2022-03-09 13:54:01+00:00	HansTheGerman	"@VQuaschning Wenn wir sofortiges Handeln zum #Gassparen brauchen, dann mÃ¼ssen jetzt alle HÃ¼rden abgeschafft werden, die #Photovoltaik noch behindern kÃ¶nnten!
Am Einfachsten wÃ¤re doch, jeder Private kÃ¶nnte #Module +#Speicher +#WÃ¤rmepumpe einbauen, ohne jede BÃ¼rokratie +damit sofort heizen!"
340	2022-03-08 14:54:06+00:00	HansTheGerman	"Wenn wir sofortiges Handeln zum #Gassparen brauchen, dann mÃ¼ssen jetzt alle HÃ¼rden abgeschafft werden, die #Photovoltaik noch behindern kÃ¶nnten!
Am Einfachsten wÃ¤re doch, jeder Private kÃ¶nnte #Module +#Speicher +#WÃ¤rmepumpe einbauen, ohne jede BÃ¼rokratie +damit sofort heizen!"
341	2022-03-08 14:50:31+00:00	HansTheGerman	@ErnstvAll Nachmachen: Habe um 8Uhr die Gasheizung aus gemacht +spare dadurch ca50% Gas ein. Heize das Haus tagsÃ¼ber nur noch in den RÃ¤umen mit der Klimaanlage oder InfrarotflÃ¤chen auf, wo wir uns aufhalten. Den Strom erzeugen wir mit #Photovoltaik. Geht auch mit nur 2 PV-Zellen #Gassparen
342	2022-03-08 14:22:49+00:00	HansTheGerman	@n_roettgen Nachmachen: Habe um 8Uhr die Gasheizung aus gemacht +#spare dadurch ca50% #Gas ein. Heize das Haus tagsÃ¼ber nur noch in den RÃ¤umen mit der Klimaanlage oder InfrarotflÃ¤chen auf, wo wir uns aufhalten. Den Strom erzeugen wir mit #Photovoltaik Geht auch mit nur 2 PV-Zellen #Gassparen
343	2022-03-08 14:19:53+00:00	HansTheGerman	"@n_roettgen Wenn wir sofortiges Handeln zum #Gassparen brauchen, dann mÃ¼ssen jetzt alle HÃ¼rden abgeschafft werden, die #Photovoltaik noch behindern kÃ¶nnten!
Am Einfachsten wÃ¤re doch, jeder Private kÃ¶nnte #Module +#Speicher +#WÃ¤rmepumpe einbauen, ohne jede BÃ¼rokratie +damit sofort heizen!"
344	2022-03-08 13:54:03+00:00	HansTheGerman	"@ChristophBeisl1 Wenn wir sofortiges Handeln zum #Gassparen brauchen, dann mÃ¼ssen jetzt alle HÃ¼rden abgeschafft werden, die #Photovoltaik noch behindern kÃ¶nnten!
Am Einfachsten wÃ¤re doch, jeder Private kÃ¶nnte #Module +#Speicher +#WÃ¤rmepumpe einbauen, ohne jede BÃ¼rokratie +damit sofort heizen!"
345	2022-03-08 10:44:00+00:00	HansTheGerman	"@n_roettgen Wenn wir sofortiges Handeln zum #Gassparen brauchen, dann mÃ¼ssen jetzt alle HÃ¼rden abgeschafft werden, die #Photovoltaik noch behindern kÃ¶nnten!
Am Einfachsten wÃ¤re doch, jeder Private kÃ¶nnte #Module +#Speicher +#WÃ¤rmepumpe einbauen, ohne jede BÃ¼rokratie +damit sofort heizen!"
346	2022-03-07 23:20:07+00:00	HansTheGerman	"@DanielMpkt @Bundeskanzler @ABaerbock @c_lindner Wenn wir sofortiges Handeln zum #Gassparen brauchen, dann mÃ¼ssen jetzt alle HÃ¼rden abgeschafft werden, die #Photovoltaik noch behindern kÃ¶nnten!
Am Einfachsten wÃ¤re doch, jeder Private kÃ¶nnte #Module +#Speicher +#WÃ¤rmepumpe einbauen, ohne jede BÃ¼rokratie +damit sofort heizen!"
347	2022-03-07 17:44:17+00:00	HansTheGerman	"@vonderleyen @Palazzo_Chigi Wenn wir sofortiges Handeln zum #Gassparen brauchen, dann mÃ¼ssen jetzt alle HÃ¼rden abgeschafft werden, die #Photovoltaik noch behindern kÃ¶nnten!
Am Einfachsten wÃ¤re doch, jeder Private kÃ¶nnte #Module +#Speicher +#WÃ¤rmepumpe einbauen, ohne jede BÃ¼rokratie +damit sofort heizen!"
348	2022-03-06 19:18:42+00:00	HansTheGerman	@DLFNachrichten Nachmachen: Habe um 8Uhr die Gasheizung ausgemacht +spare dadurch ca50% Gas ein. Heize das Haus tagsÃ¼ber nur noch in den RÃ¤umen mit der #Klimaanlage oder #InfrarotflÃ¤chen auf, wo wir uns aufhalten. Den Strom erzeugen wir mit #Photovoltaik. Geht auch mit nur 2 PV-Zellen #Gassparen
349	2022-03-06 19:11:55+00:00	HansTheGerman	"@DLFNachrichten Wenn wir sofortiges Handeln zum #Gassparen brauchen, dann mÃ¼ssen jetzt alle HÃ¼rden abgeschafft werden, die #Photovoltaik behindern kÃ¶nnten!
Am Einfachsten wÃ¤re doch, jeder Private kÃ¶nnte #Module +#Speicher +#WÃ¤rmepumpe einbauen, ohne jede BÃ¼rokratie +damit sofort heizen!"
350	2022-03-06 08:55:18+00:00	HansTheGerman	Nachmachen: Habe um 8Uhr die Gasheizung aus gemacht +spare dadurch ca50% Gas ein. Heize das Haus tagsÃ¼ber nur noch in den RÃ¤umen mit der Klimaanlage oder InfrarotflÃ¤chen auf, wo wir uns aufhalten. Den Strom erzeugen wir mit #Photovoltaik. Geht auch mit nur 2 PV-Zellen #Gassparen
351	2022-03-06 08:51:43+00:00	HansTheGerman	"Wenn wir sofortiges Handeln zum #Gassparen brauchen, dann mÃ¼ssen jetzt alle HÃ¼rden abgeschafft werden, die #Photovoltaik behindern kÃ¶nnten!
Am Einfachsten wÃ¤re doch, jeder Private kÃ¶nnte #Module +#Speicher +#WÃ¤rmepumpe einbauen, ohne jede BÃ¼rokratie +damit sofort #Gaslos heizen!"
352	2022-03-06 08:50:08+00:00	HansTheGerman	"Gerade bei tief stehender Sonne bringt eine Balkon-, Fassaden- PV-Anlage relativ viel, weil der Einfallwinkel auf die Module besser ist, als zB bei einer Anlage auf dem Dach! Auch kann Schnee die Leistung nicht tagelang behindern.
Bezahlbar ist eine #MiniPV fÃ¼r Viele #GasSparen"
353	2022-03-05 18:23:24+00:00	HansTheGerman	"@TKummert @fdp @tonline Wenn wir sofortiges Handeln zum #Gassparen brauchen, dann mÃ¼ssen jetzt alle HÃ¼rden abgeschafft werden, die #Photovoltaik behindern kÃ¶nnten!
Am Einfachsten wÃ¤re doch, jeder Private kÃ¶nnte #Module +#Speicher +#WÃ¤rmepumpe einbauen, ohne jede BÃ¼rokratie +damit sofort heizen! #BlutGas"
354	2022-03-03 10:12:02+00:00	HansTheGerman	"@GuntherSchnabl Wenn wir sofortiges Handeln zum #Gassparen brauchen, dann mÃ¼ssen jetzt alle HÃ¼rden abgeschafft werden, die #Photovoltaik behindern kÃ¶nnten!
Am Einfachsten wÃ¤re doch, jeder Private kÃ¶nnte #Module +#Speicher +#WÃ¤rmepumpe einbauen, ohne jede BÃ¼rokratie +damit sofort heizen! #Habeck"
355	2022-03-03 09:56:27+00:00	HansTheGerman	"Wenn wir sofortiges Handeln zum #Gassparen brauchen, dann mÃ¼ssen jetzt alle HÃ¼rden abgeschafft werden, die #Photovoltaik behindern kÃ¶nnten!
Am Einfachsten wÃ¤re doch, jeder Private kÃ¶nnte #Module +#Speicher +#WÃ¤rmepumpe einbauen, ohne jede BÃ¼rokratie +damit sofort heizen! #Habeck"
356	2022-03-02 22:00:55+00:00	HansTheGerman	"@ForchheimEka Wenn wir sofortiges Handeln zum #Gassparen brauchen, dann mÃ¼ssen jetzt alle HÃ¼rden abgeschafft werden, die #Photovoltaik behindern kÃ¶nnten!
Am Einfachsten wÃ¤re doch, jeder Private kÃ¶nnte Module +Speicher +WÃ¤rmepumpe einbauen, ohne jede BÃ¼rokratie +damit sofort heizen! #PutinWar"
357	2022-02-26 21:47:12+00:00	brandrg	#Kuscheln4Ukraine Lieber in eine Decke kuscheln und die Raumtemperatur ein paar Grad runter drehen. #GasSparen, #AbhÃ¤ngigkeit runter. #StandWithUkraine
358	2022-02-26 10:55:33+00:00	Erdem_Go_Gokalp	Heute sanktioniere ich Russland im Handumdrehen. #Gassparen fÃ¼r den #Frieden https://t.co/lNKFXLfq4R
359	2022-02-26 09:42:00+00:00	rumeliobserver	"#Gassparen

1993/94 unterrichtete ich in Czernowitz ğŸ‡ºğŸ‡¦. Im Wohnheim der Uni gab es fÃ¼r niemanden warmes Wasser. 

Unsere Eltern &amp; Grosseltern sind so aufgewachsen. Man gewÃ¶hnt sich schnell.

Es war ein gutes Jahr. https://t.co/YVmRF3u9Ql"
360	2022-02-21 08:20:13+00:00	wechseljetzt	"Habt ihr schon mal ausprobiert etwas kÃ¼rzer als gewohnt zu duschen? Das Einsparpotenzial ist enorm! ğŸš¿
#wechseljetzt #gassparen #spartipp https://t.co/286K0FSUiy"
361	2021-11-24 13:00:47+00:00	wechseljetzt	"Die Gaspreise steigen, das Konto wird immer leerer. Hier ein paar Tipps den Gasverbrauch zu senken! https://t.co/O9MfMDfLfX
#gassparen #gaspreise https://t.co/IuGhryORph"
362	2020-12-02 19:37:10+00:00	HaroEnergie	"#JETZTWECHSELN #STROMSPAREN #GASSPAREN
Strom und Gas zu unschlagbaren Preisen - direkt von der BÃ¶rse. Profitieren Sie von attraktiven Tarifen, moderaten Laufzeiten, Ã¼bersichtlichen RahmenvertrÃ¤gen. Alle Infos unter https://t.co/kSEoPsJN5l . https://t.co/LOitdV9L92"
363	2020-12-01 11:37:34+00:00	HaroEnergie	"#JETZTWECHSELN #STROMSPAREN #GASSPAREN
Strom und Gas zu unschlagbaren Preisen - direkt von der BÃ¶rse. Profitieren Sie von attraktiven Tarifen, moderaten Laufzeiten, Ã¼bersichtlichen RahmenvertrÃ¤gen. Alle Infos unter https://t.co/kSEoPsJN5l . https://t.co/uAPE2GsOIE"
364	2020-11-30 18:30:17+00:00	HaroEnergie	"#JETZTWECHSELN #STROMSPAREN #GASSPAREN
Strom und Gas zu unschlagbaren Preisen - direkt von der BÃ¶rse. Profitieren Sie von attraktiven Tarifen, moderaten Laufzeiten, Ã¼bersichtlichen RahmenvertrÃ¤gen. Alle Infos unter https://t.co/kSEoPsJN5l . https://t.co/DukDTigN49"
365	2020-11-29 13:19:02+00:00	HaroEnergie	"#JETZTWECHSELN #STROMSPAREN #GASSPAREN
Strom und Gas zu unschlagbaren Preisen - direkt von der BÃ¶rse. Profitieren Sie von attraktiven Tarifen, moderaten Laufzeiten, Ã¼bersichtlichen RahmenvertrÃ¤gen. Alle Infos unter https://t.co/7x91tOdIzj . https://t.co/yfxeKhPVns"
366	2020-07-06 07:00:00+00:00	net4_energy	"Ganz einfach Gas sparen - Mit diesen Tipps kannst du im Haushalt Gas sparen und gleichzeitig etwas Gutes fÃ¼r die Umwelt tun!
#intelligentwohnen #energiesparen #gassparen #energiewende #net4energy
https://t.co/3RVfzntKp1"
367	2019-07-26 06:05:07+00:00	CamperHelp	Temperatur im Camping-KÃ¼hlschrank mit einem LÃ¼fter senken #AbsorberkÃ¼hlschrank #AbwÃ¤rme #Anleitung #CooleLÃ¶sung #Einbauanleitung #Einbauort #GasSparen #HoheTemperatur #KÃ¼hlschrank #LÃ¶sung #LÃ¼fter #MÃ¶glicheLÃ¶sungen #NetAtmo #SchrittFÃ¼rSchritt #Sensor #Tita https://t.co/qYAZRPgDwT https://t.co/FyMYN4rqAs
368	2016-07-08 13:18:00+00:00	Vergleich365com	Gasvergleich #gas #gassparen #gaspreis #geldsparen #geld #grundversorgung #nebenkostenâ€¦ https://t.co/5o24nnOJHQ https://t.co/c0fcwhGIF3
369	2013-07-27 16:04:02+00:00	beatenderlin	Heute reicht es wohl aus, das Grillgut einfach kurz in die Abendsonne zu legen...#Gassparen
370	2012-12-23 06:38:26+00:00	Werner_Mo	Wetter in WeiÃŸenburg: Der Wind bringt WÃ¤rme und Regen, 8,6 Grad C - Ã¼ber 50 km/h Wind, 26,6mm Regen http://t.co/4ZB4TUFW #Gassparen ;-)
371	2010-04-12 10:51:02+00:00	wolf_Sti	@tioan  Hab sie seit FR aus, #gassparen  /wird wohl eh ne fette Rechnung werden
372	2010-04-12 10:44:59+00:00	tioan	@wolf_Sti Hab sie seit FR aus, #gassparen
373	2008-11-17 21:01:54+00:00	weltherrscher	"hab mir heute eine blueray gekauft ""plasma kamin hd. 9 kaminfeuer impressionen in full hd"" vrdmmt, gucke und mir wird warm. geil. #gassparen"
