0	2022-10-25 11:17:05+00:00	Agimafr	"üá¨üáß Data Manipulation in Python: Master Python, Numpy &amp; Pandas
üîóhttps://t.co/dgoNLP0Uit
üÜì 4 days or 526 registrations left
#pandas #developer #NumPy #data #Python #Udemy #100DaysOfCode #udemyfree #programming #udemycoupon #Dat https://t.co/d0F7iDIOyT"
1	2022-10-25 11:01:08+00:00	AdvAnalytAcad	"Es gibt noch freie Pl√§tze f√ºr unseren Python-Kurs ab dem 7.11.22! 
Erlernen Sie mit uns die wesentlichen Python-Grundlagen f√ºr Data Science, Machine Learning und K√ºnstliche Intelligenz. üë®‚Äçüè´

https://t.co/uvNbSWMVO9

#machinelearning #k√ºnstlicheintelligenz #ki #python #scikitlearn https://t.co/6tgLaEp7IG"
2	2022-10-25 10:25:31+00:00	UCouponsMe	[100%OFF] Microsoft Power BI https://t.co/S0xAYJio0s #machinelearning #bigdata #analytics #datascience #ai #iot #iiot #python #tensorflow #javascript #reactjs #cloudcomputing #datascientist #linux #programming #coding #100daysofcode
3	2022-10-25 08:28:57+00:00	besuccesswisdom	ü§© RANDOM PASSWORD GENERATOR USING PYTHON ü§© #python #shorts¬†#pythonshorts https://t.co/c0DNAA1jyN
4	2022-10-25 08:02:48+00:00	GavLaaaaaaaa	NNStreamer: Neural Network for GStreamer (by Samsung) https://t.co/kmu1EIQdlH #programming #softwareengineering #bigdata #datascience #analytics #ai #python #javascript
5	2022-10-24 17:34:45+00:00	jkantel	Killer-K√ºrbisse? Wir schie√üen zur√ºck! (Happy Halloween Stage 2) https://t.co/1hL9ZSXmB7 Ich hatte es mir vorgenommen mein kleines ‚Äì in TigerJython (mit GameGrid) programmiertes ‚Äì Halloween-Spiel fertigzustellen. #TigerJython #GameGrid #GameDev #Python #Halloween https://t.co/CfxdNZ7Yzv
6	2022-10-24 14:51:33+00:00	FatimaZ47650176	"Miles to km converter in Python
#100daysofcodingchallenge 
#Python https://t.co/BUJEtNGkHS"
7	2022-10-24 13:58:07+00:00	_Mr_Moe	"Ich finde unseren Tech Stack ja schon ganz cool:
QML f√ºr die GUI #Qt#QML
C++ f√ºr die Buisness Logic #C++
Python f√ºr die Tests und das Scripting #python 

Was w√ºrdet ihr f√ºr eine Anwendung auf der Hardware √§ndern?
Und w√ºrdet ihr euch bei uns im Team zure‚Ä¶https://t.co/HjQ6cWRgIv"
8	2022-10-24 11:27:17+00:00	besuccesswisdom	python program to find LCM ‚Äì vs code #shorts¬†#python https://t.co/Cfdov6X96T
9	2022-10-24 11:20:54+00:00	marustiweb	Programmiersprachen-Ranking: #JavaScript gewinnt das Rennen | #Developer https://t.co/vcL2HvqGVZ #Python #java #php
